id,czt_peak_utc,goes_class,class_solexs,czt_20_40_peak_cps,max_energy_keV,test_period,product,detectors,am241_keV,peak_interval_utc,status,gamma,gamma_err,gamma_err_scaled,fit_e_hi_keV,net_counts,chi2_dof,delta_thick_target,flux_35keV_cts_s_keV,gamma_czt1,gamma_czt1_err,gamma_czt2,gamma_czt2_err,gamma_from_25keV
AL1-20240414-0136,2024-04-14 01:37:40,,C1.8,117.0,40,0,HLS_20240414_000005_43180sec_lev1_V112,CZT1+CZT2,59.08,2024-04-14 01:37:04,"ok, unreliable",2.342,0.552,0.837,63.3,113,6.9/3,3.342,0.368,,,1.238,0.249,3.288
AL1-20240414-0226,2024-04-14 02:31:20,M4.2,M4.6,886.2,80,0,HLS_20240414_000005_43180sec_lev1_V112,CZT1+CZT2,58.93,2024-04-14 02:31:27,ok,3.013,0.022,0.056,150.0,16211,60.1/9,4.013,46.999,2.99,0.051,,,3.048
AL1-20240529-0051,2024-05-29 00:48:00,M1.2,M1.2,129.9,40,0,HLS_20240529_000007_5127sec_lev1_V111,CZT1+CZT2,59.4,2024-05-29 00:46:29,too few counts above 30 keV,,,,,,,,,,,,,
AL1-20240529-1344,2024-05-29 14:23:20,X1.4,X1.3,888.6,80,0,HLS_20240529_122053_13172sec_lev1_V111,CZT1+CZT2,58.68,2024-05-29 14:23:15,ok,5.278,0.066,0.099,84.3,6597,11.4/5,6.278,29.584,5.2,0.073,,,5.299
AL1-20240529-1837,2024-05-29 18:36:00,M5.6,M4.8,308.7,80,0,HLS_20240529_160029_28764sec_lev1_V111,CZT1+CZT2,58.86,2024-05-29 18:35:46,ok,3.199,0.024,0.074,150.0,15337,86.0/9,4.199,46.954,3.176,0.065,,,3.157
AL1-20240531-1109,2024-05-31 11:13:20,M1.0,M1.0,153.9,40,0,HLS_20240531_000007_43185sec_lev1_V111,CZT1+CZT2,59.67,2024-05-31 11:14:44,"ok, unreliable",6.194,0.706,0.706,47.4,233,0.3/1,7.194,1.245,,,5.157,0.677,7.027
AL1-20240531-1315,2024-05-31 13:18:40,,,105.5,40,0,HLS_20240531_120007_43188sec_lev1_V111,CZT1+CZT2,59.35,2024-05-31 13:18:35,too few counts above 30 keV,,,,,,,,,,,,,
AL1-20240531-2152,2024-05-31 22:01:20,X1.1,X1.1,2534.1,60,0,HLS_20240531_120007_43188sec_lev1_V111,CZT1+CZT2,59.28,2024-05-31 22:01:24,ok,4.41,0.028,0.088,150.0,18234,87.3/9,5.41,72.151,4.339,0.083,,,4.803
AL1-20240601-0440,2024-06-01 04:41:40,,,49.9,40,0,HLS_20240601_000011_43180sec_lev1_V111,CZT1+CZT2,59.31,2024-06-01 04:43:16,"ok, unreliable",0.846,0.347,0.347,84.3,160,2.1/5,1.846,0.268,0.639,0.163,,,1.736
AL1-20240601-0606,2024-06-01 06:05:40,,,87.8,40,0,HLS_20240601_000011_43180sec_lev1_V111,CZT1+CZT2,59.36,2024-06-01 06:06:48,too few counts above 30 keV,,,,,,,,,,,,,
AL1-20240601-0840,2024-06-01 08:45:20,X1.3,,1413.5,60,0,HLS_20240601_000011_43180sec_lev1_V111,CZT1+CZT2,59.07,2024-06-01 08:45:27,ok,4.83,0.042,0.092,129.9,11180,38.9/8,5.83,47.036,4.742,0.09,,,5.165
AL1-20240601-0924,2024-06-01 09:30:00,,,130.9,60,0,HLS_20240601_000011_43180sec_lev1_V111,CZT1+CZT2,59.3,2024-06-01 09:30:57,too few counts above 30 keV,,,,,,,,,,,,,
AL1-20240601-1212,2024-06-01 12:16:20,,,130.5,60,0,HLS_20240601_120007_14900sec_lev1_V111,CZT1+CZT2,59.17,2024-06-01 12:15:29,too few counts above 30 keV,,,,,,,,,,,,,
AL1-20240601-1830,2024-06-01 18:32:40,X1.0,,1130.6,60,0,HLS_20240601_120007_43183sec_lev1_V111,CZT1+CZT2,59.52,2024-06-01 18:32:33,ok,4.35,0.037,0.051,129.9,11390,15.6/8,5.35,44.777,4.349,0.052,,,4.429
AL1-20240601-1917,2024-06-01 19:23:00,,,162.8,40,0,HLS_20240601_120007_43183sec_lev1_V111,CZT1+CZT2,59.2,2024-06-01 19:23:18,"ok, unreliable",6.982,0.531,1.435,54.8,397,14.6/2,7.982,2.016,6.661,0.779,,,8.41
AL1-20240601-2020,2024-06-01 20:26:40,,,95.7,150,0,HLS_20240601_120007_43183sec_lev1_V111,CZT1+CZT2,59.11,2024-06-01 20:27:58,"ok, unreliable",0.939,0.128,0.169,150.0,355,15.6/9,1.939,0.385,,,1.147,0.171,1.273
AL1-20240602-0303,2024-06-02 03:06:20,,,108.7,40,0,HLS_20240602_012532_38055sec_lev1_V111,CZT1+CZT2,59.76,2024-06-02 03:04:46,too few counts above 30 keV,,,,,,,,,,,,,
AL1-20240603-0541,2024-06-03 05:44:20,,,115.0,60,0,HLS_20240603_000033_43152sec_lev1_V111,CZT1+CZT2,59.52,2024-06-03 05:42:42,too few counts above 30 keV,,,,,,,,,,,,,
AL1-20240603-1147,2024-06-03 11:52:20,M3.2,,1883.7,60,0,HLS_20240603_000033_43152sec_lev1_V111,CZT1+CZT2,,2024-06-03 11:52:20,ok,2.623,0.012,0.068,150.0,48070,301.1/9,3.623,122.612,2.646,0.067,2.603,0.07,2.621
AL1-20240603-1449,2024-06-03 15:00:40,,,117.8,40,0,HLS_20240603_120000_43199sec_lev1_V111,CZT1+CZT2,59.05,2024-06-03 14:58:47,too few counts above 30 keV,,,,,,,,,,,,,
AL1-20240603-2205,2024-06-03 22:07:40,C8.0,,117.8,40,0,HLS_20240603_120000_43199sec_lev1_V111,CZT1+CZT2,59.46,2024-06-03 22:06:16,ok,2.671,0.203,0.302,84.3,385,11.1/5,3.671,1.141,,,2.066,0.185,2.872
AL1-20240604-0935,2024-06-04 09:49:00,,,115.0,40,0,HLS_20240604_000221_43046sec_lev1_V111,CZT1+CZT2,59.48,2024-06-04 09:50:32,too few counts above 30 keV,,,,,,,,,,,,,
AL1-20240605-1019,2024-06-05 10:21:20,,,118.8,150,0,HLS_20240605_000011_43181sec_lev1_V111,CZT1+CZT2,59.22,2024-06-05 10:19:39,too few counts above 30 keV,,,,,,,,,,,,,
AL1-20240605-1035,2024-06-05 10:41:40,,,92.2,80,0,HLS_20240605_000011_43181sec_lev1_V111,CZT1+CZT2,59.43,2024-06-05 10:43:18,"ok, unreliable",0.534,0.131,0.146,150.0,345,11.3/9,1.534,0.279,,,0.54,0.139,0.757
AL1-20240606-1451,2024-06-06 15:00:40,M6.0,,805.6,60,0,HLS_20240606_120002_42520sec_lev1_V111,CZT1+CZT2,59.44,2024-06-06 15:00:43,ok,5.001,0.061,0.135,129.9,6308,39.3/8,6.001,27.032,5.183,0.171,4.85,0.143,5.23
AL1-20240607-0935,2024-06-07 10:26:00,,,191.7,60,0,HLS_20240607_000205_43062sec_lev1_V111,CZT1+CZT2,59.21,2024-06-07 10:24:15,too few counts above 30 keV,,,,,,,,,,,,,
AL1-20240608-0046,2024-06-08 00:50:00,M3.3,,171.7,40,0,HLS_20240608_000012_5098sec_lev1_V111,CZT1+CZT2,59.34,2024-06-08 00:49:55,ok,4.837,0.115,0.115,84.3,2226,2.5/5,5.837,9.537,5.068,0.21,4.562,0.163,5.045
AL1-20240608-0126,2024-06-08 01:32:40,M9.6,,849.2,150,0,,,,,no pre-flare background,,,,,,,,,,,,,
AL1-20240608-0155,2024-06-08 01:57:20,,,173.3,150,0,HLS_20240608_012518_38080sec_lev1_V111,CZT1+CZT2,57.5,2024-06-08 01:56:23,ok,2.973,0.067,0.13,129.9,2819,30.5/8,3.973,8.227,2.808,0.154,2.978,0.124,2.879
AL1-20240608-0520,2024-06-08 05:19:00,M1.5,,2254.1,80,0,HLS_20240608_012518_38080sec_lev1_V111,CZT1+CZT2,58.43,2024-06-08 05:20:43,"ok, unreliable",4.201,1.136,1.136,47.4,386,0.2/1,5.201,1.955,,,,,9.459
AL1-20240608-1409,2024-06-08 14:10:00,,,3856.8,150,0,,,,,no pre-flare background,,,,,,,,,,,,,
AL1-20240609-0651,2024-06-09 06:58:00,M1.6,,966.3,60,0,HLS_20240609_012425_38128sec_lev1_V111,CZT1+CZT2,59.34,2024-06-09 06:58:04,ok,4.229,0.041,0.072,129.9,10000,25.3/8,5.229,38.54,4.242,0.091,4.197,0.073,4.324
AL1-20240610-1104,2024-06-10 11:05:00,X1.5,,3967.0,150,0,HLS_20240610_000409_42937sec_lev1_V211,CZT1+CZT2,59.62,2024-06-10 11:05:06,ok,4.844,0.023,0.078,129.9,34569,91.4/8,5.844,145.874,4.915,0.093,4.778,0.073,4.904
AL1-20240610-1134,2024-06-10 11:59:20,,,123.2,150,0,HLS_20240610_000409_42937sec_lev1_V211,CZT1+CZT2,59.28,2024-06-10 11:59:08,too few counts above 30 keV,,,,,,,,,,,,,
AL1-20240610-1210,2024-06-10 12:11:20,,,204.4,150,0,,,,,no pre-flare background,,,,,,,,,,,,,
AL1-20240610-1217,2024-06-10 12:17:40,,,203.4,150,0,,,,,no pre-flare background,,,,,,,,,,,,,
AL1-20240610-1804,2024-06-10 18:22:00,M9.4,,337.9,40,0,HLS_20240610_121704_42169sec_lev1_V211,CZT1+CZT2,59.32,2024-06-10 18:22:02,ok,5.501,0.124,0.134,84.3,2433,5.9/5,6.501,11.085,5.733,0.193,5.334,0.185,5.834
AL1-20240614-0424,2024-06-14 04:27:20,M2.4,,139.7,40,0,HLS_20240614_000008_43180sec_lev1_V111,CZT1+CZT2,59.42,2024-06-14 04:27:06,ok,4.678,0.119,0.205,84.3,2120,14.9/5,5.678,8.886,4.792,0.171,4.568,0.266,4.797
AL1-20240617-1040,2024-06-17 10:45:00,M1.5,,250.1,60,0,HLS_20240617_000109_43119sec_lev1_V111,CZT1+CZT2,59.32,2024-06-17 10:44:57,ok,3.434,0.044,0.082,150.0,5512,31.9/9,4.434,17.974,3.427,0.077,3.379,0.106,3.395
AL1-20240620-2309,2024-06-20 23:16:00,M5.6,,1139.6,60,0,HLS_20240620_122329_41786sec_lev1_V111,CZT1+CZT2,59.37,2024-06-20 23:15:50,ok,4.102,0.04,0.125,150.0,8909,85.9/9,5.102,33.365,4.193,0.137,4.014,0.122,4.614
AL1-20240623-1252,2024-06-23 12:57:40,M9.2,,1273.0,60,0,HLS_20240623_120004_13591sec_lev1_V211,CZT1+CZT2,59.22,2024-06-23 12:57:35,ok,5.369,0.053,0.076,112.5,9363,14.4/7,6.369,41.889,5.449,0.116,5.29,0.11,5.54
AL1-20240624-0621,2024-06-24 06:21:40,,,140.1,150,0,HLS_20240624_000136_43090sec_lev1_V111,CZT1+CZT2,59.19,2024-06-24 06:23:22,"ok, unreliable",2.407,1.039,1.039,47.4,114,0.0/1,3.407,0.528,,,1.829,1.308,4.136
AL1-20240624-0658,2024-06-24 06:59:20,,,150.2,150,0,HLS_20240624_000136_43090sec_lev1_V111,CZT1+CZT2,59.24,2024-06-24 06:58:58,too few counts above 30 keV,,,,,,,,,,,,,
AL1-20240624-0910,2024-06-24 09:11:00,,,142.4,150,0,HLS_20240624_000136_43090sec_lev1_V111,CZT1+CZT2,59.13,2024-06-24 09:10:17,too few counts above 30 keV,,,,,,,,,,,,,
AL1-20240624-1142,2024-06-24 11:46:20,M1.5,,702.8,80,0,HLS_20240624_000136_43090sec_lev1_V111,CZT1+CZT2,59.23,2024-06-24 11:46:28,ok,3.469,0.03,0.115,129.9,12111,121.1/8,4.469,40.159,3.535,0.116,3.41,0.124,3.419
AL1-20260630-1238,2026-06-30 12:43:40,M5.8,M5.0,867.2,40,1,HLS_20260630_121027_42569sec_lev1_V111,CZT1+CZT2,59.06,2026-06-30 12:43:47,ok,5.276,0.083,0.106,84.3,4297,8.2/5,6.276,19.282,5.395,0.126,5.066,0.157,5.307
AL1-20260630-2034,2026-06-30 20:46:20,X1.1,M9.7,1630.8,60,1,HLS_20260630_121027_42569sec_lev1_V111,CZT1+CZT2,59.35,2026-06-30 20:46:28,ok,3.465,0.044,0.092,129.9,5907,35.2/8,4.465,19.579,3.401,0.126,3.464,0.095,3.839
AL1-20260701-0618,2026-07-01 06:25:20,M1.1,M1.1,455.1,40,1,HLS_20260701_000011_43178sec_lev1_V111,CZT1+CZT2,59.39,2026-07-01 06:25:10,ok,4.527,0.067,0.084,97.4,4706,9.4/6,5.527,19.231,4.553,0.127,4.502,0.094,4.792
AL1-20260701-0727,2026-07-01 07:33:40,M1.5,M1.5,813.1,40,1,HLS_20260701_000011_43178sec_lev1_V111,CZT1+CZT2,59.24,2026-07-01 07:33:22,ok,3.416,0.016,0.123,150.0,34846,522.0/9,4.416,112.971,3.43,0.116,3.403,0.131,3.335
AL1-20260701-0810,2026-07-01 08:15:40,M2.5,M2.5,2732.9,60,1,HLS_20260701_000011_43178sec_lev1_V111,CZT1+CZT2,59.21,2026-07-01 08:15:30,ok,3.401,0.015,0.106,150.0,40769,456.7/9,4.401,131.624,3.418,0.106,3.385,0.108,3.379
AL1-20260701-1004,2026-07-01 10:07:00,M1.3,M1.3,257.0,40,1,HLS_20260701_000011_43178sec_lev1_V111,CZT1+CZT2,59.09,2026-07-01 10:06:28,ok,4.411,0.046,0.071,112.5,8339,16.8/7,5.411,33.27,4.484,0.076,4.344,0.077,4.443
AL1-20260701-1419,2026-07-01 14:30:20,M1.1,M1.0,472.7,60,1,HLS_20260701_120001_43199sec_lev1_V111,CZT1+CZT2,59.05,2026-07-01 14:30:07,ok,2.985,0.022,0.087,150.0,16029,140.7/9,3.985,46.118,3.001,0.087,2.97,0.091,2.942
AL1-20260701-1517,2026-07-01 15:49:40,,,192.7,150,1,HLS_20260701_120001_43199sec_lev1_V111,CZT1+CZT2,59.37,2026-07-01 15:49:30,too few counts above 30 keV,,,,,,,,,,,,,
AL1-20260701-1905,2026-07-01 19:39:00,M3.5,M3.0,118.9,40,1,HLS_20260701_120001_43199sec_lev1_V111,CZT1+CZT2,59.09,2026-07-01 19:37:00,"ok, unreliable",6.507,0.905,2.206,54.8,200,11.9/2,7.507,0.992,,,,,6.729
AL1-20260701-2018,2026-07-01 20:21:00,M1.8,M1.6,1328.8,60,1,HLS_20260701_120001_43199sec_lev1_V111,CZT1+CZT2,58.92,2026-07-01 20:20:36,ok,4.004,0.041,0.105,129.9,8228,52.6/8,5.004,30.538,4.021,0.073,3.922,0.143,3.976
AL1-20260701-2254,2026-07-01 23:05:00,M8.5,M7.9,5722.9,80,1,HLS_20260701_120001_43199sec_lev1_V111,CZT1+CZT2,59.25,2026-07-01 23:04:56,ok,4.228,0.019,0.077,150.0,36808,151.4/9,5.228,141.415,4.23,0.068,4.194,0.078,4.216
AL1-20260702-0134,2026-07-02 01:52:20,M4.2,M3.7,452.3,80,1,HLS_20260702_000005_43179sec_lev1_V111,CZT1+CZT2,59.1,2026-07-02 01:51:59,ok,3.041,0.018,0.107,150.0,23289,302.6/9,4.041,68.144,3.065,0.109,3.019,0.105,2.991
AL1-20260702-1024,2026-07-02 10:25:40,M2.8,,788.2,40,1,HLS_20260702_000005_43179sec_lev1_V111,CZT1+CZT2,59.08,2026-07-02 10:25:27,ok,5.095,0.102,0.16,84.3,2863,12.2/5,6.095,12.596,5.162,0.167,4.995,0.194,5.263
AL1-20260703-1747,2026-07-03 18:06:40,M6.7,M6.2,242.1,40,1,HLS_20260703_121027_42576sec_lev1_V111,CZT1+CZT2,59.54,2026-07-03 18:06:43,ok,4.111,0.145,0.21,84.3,1239,10.4/5,5.111,4.823,4.199,0.331,4.026,0.2,4.603
AL1-20260703-1855,2026-07-03 18:57:20,M6.3,M5.9,7680.0,150,1,HLS_20260703_121027_42576sec_lev1_V111,CZT1+CZT2,59.54,2026-07-03 18:57:10,ok,3.186,0.01,0.083,150.0,88824,681.4/9,4.186,270.712,3.207,0.086,3.166,0.082,3.147
AL1-20260704-0321,2026-07-04 03:29:40,,M3.8,295.6,40,1,HLS_20260704_000005_43180sec_lev1_V211,CZT1+CZT2,59.26,2026-07-04 03:27:49,"ok, unreliable",7.013,0.717,1.398,47.4,303,3.8/1,8.013,1.626,6.788,1.332,7.29,1.484,7.979
AL1-20260704-1102,2026-07-04 11:07:20,M3.2,M3.2,178.1,40,1,HLS_20260704_000005_43180sec_lev1_V211,CZT1+CZT2,59.09,2026-07-04 11:06:37,ok,6.7,0.305,0.305,54.8,880,2.0/2,7.7,4.488,6.143,0.49,7.386,0.497,6.628
AL1-20260704-1341,2026-07-04 13:49:20,M3.2,M3.2,168.2,40,1,HLS_20260704_120001_43194sec_lev1_V211,CZT1+CZT2,59.06,2026-07-04 13:48:39,too few counts above 30 keV,,,,,,,,,,,,,
AL1-20260704-2032,2026-07-04 20:40:20,X1.2,X1.2,4726.2,80,1,HLS_20260704_120001_43194sec_lev1_V211,CZT1+CZT2,59.42,2026-07-04 20:40:05,ok,3.196,0.017,0.043,150.0,29656,57.3/9,4.196,90.623,3.255,0.056,3.143,0.034,3.398
AL1-20260705-0507,2026-07-05 05:09:00,,,85.8,150,1,HLS_20260705_030536_32057sec_lev1_V111,CZT1+CZT2,59.02,2026-07-05 05:09:41,too few counts above 30 keV,,,,,,,,,,,,,
AL1-20260705-1151,2026-07-05 11:49:00,,,174.4,150,1,HLS_20260705_030536_32057sec_lev1_V111,CZT1+CZT2,59.3,2026-07-05 11:49:06,too few counts above 30 keV,,,,,,,,,,,,,
AL1-20260705-1751,2026-07-05 17:55:40,M5.3,M5.4,1218.9,40,1,HLS_20260705_121028_42567sec_lev1_V111,CZT1+CZT2,59.33,2026-07-05 17:55:24,ok,8.046,0.3,0.375,54.8,1144,3.1/2,9.046,5.936,8.378,0.489,7.729,0.418,8.601
AL1-20260705-2114,2026-07-05 21:18:40,M1.0,C9.5,472.2,40,1,HLS_20260705_121028_42567sec_lev1_V111,CZT1+CZT2,59.0,2026-07-05 21:18:37,ok,5.021,0.105,0.105,73.0,2949,0.3/4,6.021,13.072,5.125,0.153,4.928,0.144,5.116
AL1-20260707-1414,2026-07-07 14:18:40,M4.0,M3.9,567.5,40,1,HLS_20260707_120006_43185sec_lev1_V111,CZT1+CZT2,59.05,2026-07-07 14:18:05,ok,4.662,0.114,0.164,97.4,2002,12.4/6,5.662,8.312,4.647,0.177,4.715,0.324,4.874
AL1-20260720-2215,2026-07-20 22:23:20,M3.4,M3.5,415.0,40,1,HLS_20260720_114956_43798sec_lev1_V111,CZT1+CZT2,59.22,2026-07-20 22:23:22,too few counts above 30 keV,,,,,,,,,,,,,
AL1-20260722-0627,2026-07-22 06:33:40,M3.5,M3.5,1261.7,40,1,HLS_20260722_000006_43184sec_lev1_V111,CZT1+CZT2,59.55,2026-07-22 06:33:43,ok,3.544,0.036,0.047,150.0,8254,15.1/9,4.544,27.594,3.609,0.07,3.484,0.05,3.787
AL1-20260726-1519,2026-07-26 15:26:20,M3.2,M3.0,477.4,60,1,HLS_20260726_121027_42564sec_lev1_V111,CZT1+CZT2,59.27,2026-07-26 15:25:43,ok,3.243,0.028,0.061,150.0,11081,41.9/9,4.243,34.345,3.288,0.054,3.203,0.074,3.247
AL1-20260820-0816,2026-08-20 09:07:20,,,175.4,150,1,HLS_20260820_000011_43183sec_lev1_V111,CZT1+CZT2,59.44,2026-08-20 09:05:22,too few counts above 30 keV,,,,,,,,,,,,,
AL1-20260820-1132,2026-08-20 11:34:40,M8.1,M8.1,678.4,40,1,HLS_20260820_000011_43183sec_lev1_V111,CZT1+CZT2,59.12,2026-08-20 11:34:34,ok,5.06,0.098,0.129,97.4,3175,10.4/6,6.06,13.792,5.089,0.176,5.001,0.2,5.192
AL1-20260821-1210,2026-08-21 12:11:20,,,168.0,150,1,,,,,no pre-flare background,,,,,,,,,,,,,
AL1-20260822-1210,2026-08-22 12:11:20,,,175.7,80,1,,,,,no pre-flare background,,,,,,,,,,,,,
AL1-20260825-0946,2026-08-25 09:56:20,M6.9,M6.7,1272.9,80,1,HLS_20260825_000009_43184sec_lev1_V111,CZT1+CZT2,58.99,2026-08-25 09:55:49,ok,4.041,0.046,0.053,129.9,6891,10.5/8,5.041,25.714,4.028,0.074,4.0,0.067,4.215
AL1-20260825-1025,2026-08-25 10:27:00,,,195.5,40,1,HLS_20260825_000009_43184sec_lev1_V111,CZT1+CZT2,59.3,2026-08-25 10:27:15,ok,4.022,0.156,0.156,84.3,1032,4.9/5,5.022,3.986,3.762,0.266,3.92,0.242,3.933
AL1-20260826-0628,2026-08-26 06:31:40,M2.2,M2.1,790.3,80,1,HLS_20260826_000012_43175sec_lev1_V111,CZT1+CZT2,59.14,2026-08-26 06:31:32,ok,3.18,0.028,0.068,150.0,11367,54.0/9,4.18,34.637,3.197,0.086,3.166,0.058,3.169
AL1-20260902-1900,2026-09-02 19:13:00,M3.0,M2.9,227.0,60,1,HLS_20260902_120007_43187sec_lev1_V111,CZT1+CZT2,59.54,2026-09-02 19:13:13,ok,3.18,0.064,0.077,112.5,3039,10.2/7,4.18,9.536,3.382,0.096,3.008,0.097,3.219
