id,status,clock_offset_spread_s,quiet_event_rate,quiet_occupancy,quiet_burst_spacing_s,quiet_burst_length_s,quiet_events_per_burst,quiet_occupancy_if_poisson,longest_continuous_s,goes_class,czt_peak_utc,continuous_utc,continuous_rate,continuous_empty_ticks,50ms_monitor_cov,50ms_hxr_cov_raw,50ms_hxr_cov_corrected,50ms_noise_sd,50ms_hxr_counts_per_bin,100ms_monitor_cov,100ms_hxr_cov_raw,100ms_hxr_cov_corrected,100ms_noise_sd,100ms_hxr_counts_per_bin,200ms_monitor_cov,200ms_hxr_cov_raw,200ms_hxr_cov_corrected,200ms_noise_sd,200ms_hxr_counts_per_bin,500ms_monitor_cov,500ms_hxr_cov_raw,500ms_hxr_cov_corrected,500ms_noise_sd,500ms_hxr_counts_per_bin,lag_ms,lag_peak_cc,hi_counts,lag_err_ms
AL1-20240414-0226,no continuous stretch,0.158,5.9,0.0118,8.0,0.3,3.0,0.0577,16,M4.2,2024-04-14 02:31:20,,,,,,,,,,,,,,,,,,,,,,,,,,,
AL1-20240529-1344,ok,0.203,90.3,0.0544,5.75,0.4,530.0,0.5946,40,X1.4,2024-05-29 14:23:20,"[""14:24:48"", ""14:25:28""]",5487.0,0.0055,"[0.01549, 0.00693, 0.02669]","[null, null, null]","[null, null, null]",,0.5,"[0.01095, 0.0036, 0.02056]","[null, null, null]","[null, null, null]",,1.0,"[0.00506, 0.00134, 0.00993]","[null, null, null]","[null, null, null]",,2.1,"[0.00311, 0.0007, 0.0062]","[null, null, null]","[null, null, null]",,5.2,-0.9,0.083,284,
AL1-20240529-1837,no continuous stretch,0.064,579.4,0.2649,2.3,0.4,714.0,0.997,3,M5.6,2024-05-29 18:36:00,,,,,,,,,,,,,,,,,,,,,,,,,,,
AL1-20240531-2152,ok,0.321,4.2,0.015,8.0,0.4,8.0,0.0415,154,X1.1,2024-05-31 22:01:20,"[""22:00:39"", ""22:03:13""]",11516.0,0.0235,"[0.03684, 0.02689, 0.04269]","[null, null, null]","[null, null, null]",,7.0,"[0.02335, 0.01652, 0.0274]","[null, null, null]","[null, null, null]",,13.9,"[0.01322, 0.0091, 0.01546]","[null, null, null]","[null, null, null]",,27.8,"[0.00297, 0.00204, 0.00351]","[null, null, null]","[null, null, null]",,69.5,-0.7,0.195,5502,1.0
AL1-20240601-0840,ok,0.37,46.7,0.0415,8.0,0.4,370.0,0.3733,143,X1.3,2024-06-01 08:45:20,"[""08:45:27"", ""08:47:50""]",9879.0,0.0284,"[0.04795, 0.03705, 0.05848]","[null, null, null]","[null, null, null]",,2.5,"[0.03019, 0.02364, 0.03694]","[null, null, null]","[null, null, null]",,5.0,"[0.01656, 0.01326, 0.02003]","[null, null, null]","[null, null, null]",,10.0,"[0.0053, 0.00426, 0.0061]","[null, null, null]","[null, null, null]",,25.0,1.1,0.233,2360,
AL1-20240601-1830,no continuous stretch,0.039,27.9,0.0391,8.0,0.4,217.0,0.2438,7,X1.0,2024-06-01 18:32:40,,,,,,,,,,,,,,,,,,,,,,,,,,,
AL1-20240603-1147,no continuous stretch,0.194,25.7,0.0385,8.0,0.4,235.0,0.2268,11,M3.2,2024-06-03 11:52:20,,,,,,,,,,,,,,,,,,,,,,,,,,,
AL1-20240603-2205,no continuous stretch,0.476,15.2,0.0331,8.0,0.4,52.0,0.1412,0,C8.0,2024-06-03 22:07:40,,,,,,,,,,,,,,,,,,,,,,,,,,,
AL1-20240606-1451,no continuous stretch,0.074,55.4,0.0437,7.7,0.4,414.0,0.4252,9,M6.0,2024-06-06 15:00:40,,,,,,,,,,,,,,,,,,,,,,,,,,,
AL1-20240608-0046,no continuous stretch,0.026,113.8,0.0672,5.1,0.4,545.0,0.6796,0,M3.3,2024-06-08 00:50:00,,,,,,,,,,,,,,,,,,,,,,,,,,,
AL1-20240608-0155,no continuous stretch,0.058,810.9,0.3115,,299.6,243256.0,0.9997,0,,2024-06-08 01:57:20,,,,,,,,,,,,,,,,,,,,,,,,,,,
AL1-20240609-0651,no continuous stretch,0.033,113.4,0.08,3.9,0.4,451.0,0.6781,16,M1.6,2024-06-09 06:58:00,,,,,,,,,,,,,,,,,,,,,,,,,,,
AL1-20240610-1104,ok,0.017,915.9,0.3417,,299.7,274772.0,0.9999,148,X1.5,2024-06-10 11:05:00,"[""11:05:02"", ""11:07:30""]",9313.0,0.0289,"[0.0473, 0.04086, 0.0555]","[0.0669, 0.00374, 0.14338]","[0.0237, -0.03822, 0.10041]",0.025708,10.3,"[0.03048, 0.02632, 0.03573]","[0.03259, -0.00273, 0.08711]","[0.00486, -0.02746, 0.05291]",0.018177,20.6,"[0.01623, 0.01407, 0.01891]","[0.00936, -0.01689, 0.04065]","[-0.00113, -0.03137, 0.02981]",0.012847,41.3,"[0.00414, 0.00349, 0.00498]","[0.00465, -0.0093, 0.02099]","[0.00272, -0.01147, 0.01952]",0.008125,103.2,1.1,0.261,6811,0.8
AL1-20240610-1804,no continuous stretch,0.019,71.4,0.0491,6.4,0.4,466.0,0.5101,1,M9.4,2024-06-10 18:22:00,,,,,,,,,,,,,,,,,,,,,,,,,,,
AL1-20240614-0424,no continuous stretch,0.055,72.0,0.0512,6.4,0.4,445.0,0.5132,0,M2.4,2024-06-14 04:27:20,,,,,,,,,,,,,,,,,,,,,,,,,,,
AL1-20240617-1040,no continuous stretch,0.147,52.3,0.0426,8.0,0.5,395.0,0.4075,0,M1.5,2024-06-17 10:45:00,,,,,,,,,,,,,,,,,,,,,,,,,,,
AL1-20240620-2309,no continuous stretch,0.03,61.5,0.0448,7.3,0.4,436.0,0.4592,13,M5.6,2024-06-20 23:16:00,,,,,,,,,,,,,,,,,,,,,,,,,,,
AL1-20240623-1252,no continuous stretch,0.013,52.0,0.0416,8.0,0.4,406.0,0.4056,16,M9.2,2024-06-23 12:57:40,,,,,,,,,,,,,,,,,,,,,,,,,,,
AL1-20240624-1142,no continuous stretch,0.072,46.2,0.0363,7.7,0.4,402.0,0.3698,3,M1.5,2024-06-24 11:46:20,,,,,,,,,,,,,,,,,,,,,,,,,,,
AL1-20260630-1238,no continuous stretch,0.091,70.9,0.0416,8.0,0.4,553.0,0.5078,5,M5.8,2026-06-30 12:43:40,,,,,,,,,,,,,,,,,,,,,,,,,,,
AL1-20260630-2034,ok,0.008,70.0,0.0427,7.7,0.4,551.0,0.5035,218,X1.1,2026-06-30 20:46:20,"[""20:45:12"", ""20:48:50""]",9634.0,0.0239,"[0.04273, 0.03465, 0.0513]","[0.06712, 0.03108, 0.10316]","[0.02406, -0.00986, 0.05579]",0.014144,3.7,"[0.02787, 0.02243, 0.03302]","[0.04202, 0.01722, 0.07664]","[0.01313, -0.00922, 0.04399]",0.010001,7.3,"[0.01546, 0.01242, 0.0185]","[0.0194, 0.00387, 0.04104]","[0.00312, -0.01147, 0.02409]",0.007073,14.7,"[0.00438, 0.00337, 0.00529]","[0.00197, -0.00613, 0.0112]","[-0.00187, -0.00924, 0.00652]",0.004473,36.6,-1.0,0.122,7693,2.1
AL1-20260701-0618,no continuous stretch,0.083,58.1,0.0405,8.0,0.4,463.0,0.4409,3,M1.1,2026-07-01 06:25:20,,,,,,,,,,,,,,,,,,,,,,,,,,,
AL1-20260701-0727,no continuous stretch,0.044,58.3,0.0405,8.0,0.4,449.0,0.442,10,M1.5,2026-07-01 07:33:40,,,,,,,,,,,,,,,,,,,,,,,,,,,
AL1-20260701-0810,ok,0.052,57.3,0.0405,8.0,0.4,457.0,0.4359,42,M2.5,2026-07-01 08:15:40,"[""08:16:44"", ""08:17:26""]",2593.0,0.03,"[0.06051, 0.02503, 0.11221]","[-0.09381, -0.38144, 0.12867]","[-0.16775, -0.49416, 0.09981]",0.131178,0.6,"[0.04797, 0.018, 0.09267]","[-0.07704, -0.3347, 0.07555]","[-0.11874, -0.40339, 0.05748]",0.092691,1.1,"[0.035, 0.01254, 0.0697]","[-0.06962, -0.33266, 0.12772]","[-0.12309, -0.36508, 0.03561]",0.065433,2.3,"[0.01739, 0.00357, 0.03612]","[-0.03698, -0.15837, 0.10541]","[-0.05347, -0.15819, 0.06211]",0.041345,5.7,-17.5,0.053,579,
AL1-20260701-1004,no continuous stretch,0.06,60.3,0.0405,8.0,0.4,484.0,0.4527,4,M1.3,2026-07-01 10:07:00,,,,,,,,,,,,,,,,,,,,,,,,,,,
AL1-20260701-1419,no continuous stretch,0.02,73.2,0.0427,7.7,0.4,562.0,0.5192,5,M1.1,2026-07-01 14:30:20,,,,,,,,,,,,,,,,,,,,,,,,,,,
AL1-20260701-2018,no continuous stretch,0.018,76.4,0.0437,7.7,0.4,559.0,0.5344,10,M1.8,2026-07-01 20:21:00,,,,,,,,,,,,,,,,,,,,,,,,,,,
AL1-20260701-2254,ok,0.024,62.1,0.0416,8.0,0.4,485.0,0.4628,90,M8.5,2026-07-01 23:05:00,"[""23:06:00"", ""23:07:30""]",10522.0,0.0237,"[0.03944, 0.02889, 0.05426]","[0.06071, 0.00939, 0.11333]","[0.02534, -0.01713, 0.06932]",0.027074,2.3,"[0.02467, 0.01717, 0.03477]","[0.04181, -0.00214, 0.08836]","[0.02152, -0.01721, 0.05859]",0.019141,4.5,"[0.01347, 0.00942, 0.01893]","[0.02102, -0.00565, 0.0473]","[0.01262, -0.00957, 0.03525]",0.013532,9.0,"[0.00381, 0.0028, 0.00518]","[0.01219, -0.00821, 0.03114]","[0.0101, -0.00745, 0.02812]",0.008552,22.6,-1.8,0.118,1550,
AL1-20260702-0134,no continuous stretch,0.008,201.3,0.1024,3.6,0.4,639.0,0.8664,7,M4.2,2026-07-02 01:52:20,,,,,,,,,,,,,,,,,,,,,,,,,,,
AL1-20260702-1024,no continuous stretch,0.066,77.4,0.0448,7.7,0.4,554.0,0.5389,14,M2.8,2026-07-02 10:25:40,,,,,,,,,,,,,,,,,,,,,,,,,,,
AL1-20260703-1747,ok,0.007,162.6,0.0768,4.2,0.4,692.0,0.8034,94,M6.7,2026-07-03 18:06:40,"[""18:06:47"", ""18:08:21""]",2702.0,0.0169,"[0.03728, 0.02266, 0.05519]","[0.05948, -0.02845, 0.18964]","[0.04112, -0.05739, 0.1699]",0.038863,1.4,"[0.02856, 0.01579, 0.04502]","[-0.00374, -0.06581, 0.06296]","[-0.01057, -0.07479, 0.0573]",0.027476,2.8,"[0.02116, 0.01133, 0.0348]","[-0.00199, -0.03946, 0.03054]","[-0.00391, -0.03413, 0.02304]",0.01942,5.7,"[0.01285, 0.00575, 0.02038]","[0.00828, -0.00542, 0.02197]","[0.00773, -0.00437, 0.02307]",0.012272,14.2,61.2,0.038,1767,
AL1-20260703-1855,ok,0.024,95.1,0.0489,7.0,0.4,623.0,0.6138,91,M6.3,2026-07-03 18:57:20,"[""18:56:41"", ""18:58:12""]",10434.0,0.0199,"[0.03283, 0.02528, 0.04196]","[0.04168, 0.03204, 0.05311]","[0.00828, 0.00049, 0.01771]",0.001968,84.8,"[0.02157, 0.01508, 0.02934]","[0.02836, 0.02045, 0.03811]","[0.00836, 0.00207, 0.01606]",0.001392,169.6,"[0.01226, 0.00795, 0.01752]","[0.01991, 0.01346, 0.02766]","[0.00935, 0.00451, 0.01703]",0.000984,339.0,"[0.00495, 0.00251, 0.00822]","[0.01117, 0.00776, 0.01526]","[0.00804, 0.00456, 0.01222]",0.000624,846.9,-0.2,0.564,53687,0.4
AL1-20260704-1102,no continuous stretch,0.151,60.1,0.0405,8.0,0.4,500.0,0.4515,0,M3.2,2026-07-04 11:07:20,,,,,,,,,,,,,,,,,,,,,,,,,,,
AL1-20260704-2032,ok,0.007,54.7,0.0405,8.0,0.4,430.0,0.4211,179,X1.2,2026-07-04 20:40:20,"[""20:39:51"", ""20:42:50""]",13488.0,0.0235,"[0.03744, 0.02753, 0.04668]","[0.05687, -0.00797, 0.10922]","[0.03407, -0.02652, 0.08202]",0.034316,11.0,"[0.02302, 0.01674, 0.02896]","[0.03975, -0.00299, 0.07294]","[0.02435, -0.02003, 0.05988]",0.024262,21.9,"[0.0126, 0.00898, 0.01623]","[0.01844, -0.01336, 0.04572]","[0.01365, -0.02008, 0.0437]",0.017158,43.8,"[0.00356, 0.00237, 0.00462]","[-0.00329, -0.01937, 0.01132]","[-0.00452, -0.02024, 0.00839]",0.010837,109.6,0.6,0.328,17182,1.5
AL1-20260705-1751,ok,0.092,67.2,0.0416,8.0,0.4,527.0,0.4891,29,M5.3,2026-07-05 17:55:40,"[""17:55:59"", ""17:56:28""]",6793.0,0.0555,"[0.08205, 0.07178, 0.08562]","[-0.0069, -0.2794, 0.3407]","[-0.06781, -0.34713, 0.29201]",0.135664,0.7,"[0.06027, 0.05212, 0.0648]","[-0.07001, -0.18961, 0.04101]","[-0.13666, -0.23874, -0.0089]",0.095818,1.3,"[0.03362, 0.02875, 0.03632]","[-0.01107, -0.07146, 0.1335]","[-0.04567, -0.06904, 0.06941]",0.067655,2.6,"[0.00943, 0.00702, 0.01351]","[-0.0207, -0.08432, 0.0686]","[-0.03053, -0.09363, 0.05559]",0.042719,6.5,3.2,0.105,394,
AL1-20260705-2114,no continuous stretch,0.027,60.5,0.0416,8.0,0.4,464.0,0.4541,0,M1.0,2026-07-05 21:18:40,,,,,,,,,,,,,,,,,,,,,,,,,,,
AL1-20260707-1414,no continuous stretch,0.069,60.3,0.0414,8.0,0.4,461.0,0.4529,12,M4.0,2026-07-07 14:18:40,,,,,,,,,,,,,,,,,,,,,,,,,,,
AL1-20260722-0627,ok,0.016,60.4,0.0405,8.0,0.4,484.0,0.4533,22,M3.5,2026-07-22 06:33:40,"[""06:33:47"", ""06:34:09""]",5072.0,0.0277,"[0.05368, 0.01157, 0.10664]","[0.06354, -0.00207, 0.11289]","[0.00917, -0.02083, 0.00899]",0.014164,11.0,"[0.03722, 0.00865, 0.07642]","[0.04773, 0.00173, 0.0742]","[0.0077, -0.01329, 0.00366]",0.010024,21.9,"[0.02085, 0.00497, 0.04344]","[0.03305, 0.0037, 0.05262]","[0.00488, -0.01028, 0.00317]",0.0071,43.7,"[0.00586, 0.00294, 0.00878]","[0.01635, 0.01103, 0.01847]","[0.00874, -0.00426, 0.01894]",0.004494,109.1,2.2,0.442,1987,
AL1-20260726-1519,no continuous stretch,0.032,63.1,0.0416,8.0,0.4,500.0,0.4678,16,M3.2,2026-07-26 15:26:20,,,,,,,,,,,,,,,,,,,,,,,,,,,
AL1-20260820-1132,no continuous stretch,0.005,257.2,0.1259,2.2,0.4,738.0,0.9237,14,M8.1,2026-08-20 11:34:40,,,,,,,,,,,,,,,,,,,,,,,,,,,
AL1-20260825-0946,ok,0.008,192.8,0.0896,3.6,0.4,694.0,0.8546,152,M6.9,2026-08-25 09:56:20,"[""09:56:18"", ""09:58:50""]",5523.0,0.0476,"[0.09763, 0.08395, 0.11054]","[0.13256, 0.07944, 0.20248]","[0.03967, -0.01278, 0.11092]",0.023277,2.9,"[0.07266, 0.06291, 0.08209]","[0.08112, 0.04102, 0.14104]","[0.01827, -0.01775, 0.07196]",0.016457,5.8,"[0.04219, 0.03619, 0.04734]","[0.04098, 0.021, 0.06966]","[0.00417, -0.01942, 0.03375]",0.011634,11.6,"[0.0157, 0.01327, 0.0175]","[0.01985, 0.00122, 0.04418]","[0.00673, -0.00914, 0.02614]",0.00736,29.1,1.3,0.137,4378,
AL1-20260825-1025,no continuous stretch,0.072,343.9,0.135,2.3,0.4,820.0,0.9679,0,,2026-08-25 10:27:00,,,,,,,,,,,,,,,,,,,,,,,,,,,
AL1-20260826-0628,no continuous stretch,0.102,65.0,0.0427,8.0,0.4,491.0,0.4782,5,M2.2,2026-08-26 06:31:40,,,,,,,,,,,,,,,,,,,,,,,,,,,
AL1-20260902-1900,no continuous stretch,0.078,80.7,0.048,7.3,0.4,538.0,0.5539,0,M3.0,2026-09-02 19:13:00,,,,,,,,,,,,,,,,,,,,,,,,,,,
