alert_type,goes_class,start_utc,peak_utc,window_min,hel1os_frac,lead_min_model,lead_min_trend,lead_min_current,lead_min_rule,lead_min_rule_C_level,m1_reached_utc
C,C7.2,2026-03-24 17:18,2026-03-24 17:54,66,0.0,30,27,27,34,34,
C,C2.3,2026-03-24 21:47,2026-03-24 21:56,39,0.0,4,4,3,3,3,
C,C2.9,2026-03-25 00:05,2026-03-25 00:12,37,0.0,13,13,10,13,13,
C,C3.7,2026-03-25 00:14,2026-03-25 00:30,17,0.0,17,17,17,17,17,
C,C2.2,2026-03-25 04:12,2026-03-25 04:24,42,0.0,5,5,4,34,34,
C,C1.5,2026-03-25 05:55,2026-03-25 06:05,40,0.0,4,3,,4,4,
C,C2.2,2026-03-25 13:04,2026-03-25 13:12,38,0.0,1,1,4,2,2,
C,C1.8,2026-03-26 05:46,2026-03-26 05:55,39,0.0,2,2,2,1,1,
C,M3.9,2026-03-26 06:11,2026-03-26 06:23,27,0.0,27,7,27,27,27,
C,C3.3,2026-03-26 06:52,2026-03-26 06:58,34,0.0,34,34,34,34,34,
C,C3.5,2026-03-26 10:04,2026-03-26 10:29,55,0.0,15,18,21,17,17,
C,C2.3,2026-03-26 12:45,2026-03-26 12:57,42,0.0,7,6,4,5,5,
C,C1.8,2026-03-26 13:20,2026-03-26 13:29,31,0.0,31,31,31,,,
C,C1.4,2026-03-26 15:18,2026-03-26 15:20,32,0.0,,,,,,
C,C2.0,2026-03-26 17:50,2026-03-26 17:57,37,0.0,37,0,0,36,36,
C,C2.8,2026-03-27 03:53,2026-03-27 04:00,37,0.0,0,0,37,,,
C,C3.6,2026-03-27 06:47,2026-03-27 06:56,39,0.0,4,4,4,3,3,
C,C2.3,2026-03-27 08:07,2026-03-27 08:14,37,0.0,1,1,1,,,
C,C1.9,2026-03-27 13:36,2026-03-27 13:41,35,0.0,1,1,1,0,0,
C,C2.1,2026-03-27 13:59,2026-03-27 14:05,23,0.0,23,23,23,1,1,
C,C3.5,2026-03-27 18:17,2026-03-27 18:26,39,0.0,1,1,1,0,0,
C,C2.5,2026-03-27 19:05,2026-03-27 19:13,38,0.0,1,1,38,1,1,
C,C4.1,2026-03-28 11:18,2026-03-28 11:35,47,0.0,11,11,47,10,10,
C,C1.9,2026-03-28 20:17,2026-03-28 20:25,38,0.0,2,1,0,1,1,
C,C2.1,2026-03-28 21:00,2026-03-28 21:10,40,0.0,40,3,2,2,2,
C,C1.6,2026-03-29 05:42,2026-03-29 05:47,35,0.0,35,0,35,,,
C,C2.5,2026-03-29 19:54,2026-03-29 19:59,35,0.0,11,0,11,10,10,
C,C1.6,2026-03-29 21:29,2026-03-29 21:33,34,0.0,0,,,,,
C,C1.6,2026-03-30 00:34,2026-03-30 00:48,44,0.0,6,4,,6,6,
C,X1.4,2026-03-30 02:47,2026-03-30 03:19,62,0.0,25,24,25,23,23,
C,C2.1,2026-03-30 20:40,2026-03-30 20:47,37,0.0,0,0,0,,,
C,C1.5,2026-03-30 23:58,2026-03-31 00:06,38,0.0,1,,,0,0,
C,C1.5,2026-03-31 00:55,2026-03-31 01:01,36,0.0,,,,,,
C,C1.0,2026-03-31 10:27,2026-03-31 10:34,37,0.0,,,,0,0,
C,C1.1,2026-03-31 21:16,2026-03-31 21:23,37,0.0,,,,,,
C,C1.2,2026-04-01 06:38,2026-04-01 06:51,43,0.0,3,,,6,1,
C,C1.3,2026-04-01 10:49,2026-04-01 11:05,46,0.0,9,9,,9,9,
C,C5.3,2026-04-01 13:37,2026-04-01 13:48,41,0.0,5,4,4,3,3,
C,C1.5,2026-04-01 17:38,2026-04-01 17:45,37,0.0,3,3,,24,24,
C,C8.1,2026-04-01 19:47,2026-04-01 19:58,41,0.0,4,4,4,4,4,
C,C1.4,2026-04-01 20:54,2026-04-01 21:02,38,0.0,0,,,2,2,
C,C4.8,2026-04-01 21:34,2026-04-01 21:51,47,0.0,47,9,7,8,8,
C,C5.2,2026-04-01 22:41,2026-04-01 23:00,49,0.0,17,7,13,5,5,
C,C6.1,2026-04-01 23:08,2026-04-01 23:28,27,0.0,27,27,27,27,27,
C,C1.4,2026-04-02 07:07,2026-04-02 07:13,36,0.0,17,17,,16,16,
C,C1.3,2026-04-02 07:26,2026-04-02 07:30,16,0.0,16,,,16,16,
C,C1.3,2026-04-02 12:23,2026-04-02 12:30,37,0.0,37,0,,37,37,
C,C3.7,2026-04-02 14:47,2026-04-02 15:02,45,0.0,,9,45,5,5,
C,C1.9,2026-04-02 16:58,2026-04-02 17:09,41,0.0,4,2,2,13,13,
C,M3.5,2026-04-02 17:24,2026-04-02 18:15,65,0.0,65,19,65,65,65,
C,C1.2,2026-04-02 21:21,2026-04-02 21:28,37,0.0,,,,,,
C,C1.9,2026-04-02 22:46,2026-04-02 22:55,39,0.0,2,2,1,2,2,
C,C1.6,2026-04-02 23:08,2026-04-02 23:15,19,0.0,19,19,19,19,19,
C,C1.5,2026-04-02 23:53,2026-04-02 23:58,35,0.0,,,,,,
C,C2.4,2026-04-03 00:49,2026-04-03 00:55,36,0.0,1,0,1,7,7,
C,C7.0,2026-04-03 00:59,2026-04-03 01:07,11,0.0,11,11,11,11,11,
C,C2.2,2026-04-03 03:24,2026-04-03 03:32,38,0.0,1,1,0,1,1,
C,C6.0,2026-04-03 05:20,2026-04-03 05:42,52,0.0,15,14,2,15,15,
C,M1.3,2026-04-03 07:45,2026-04-03 07:56,41,0.0,3,3,5,2,2,
C,C7.7,2026-04-03 10:03,2026-04-03 10:17,44,0.0,6,6,6,6,6,
C,C3.3,2026-04-03 11:05,2026-04-03 11:09,34,0.0,0,0,34,,,
C,C3.4,2026-04-03 11:53,2026-04-03 12:00,37,0.0,0,1,37,,,
C,C5.1,2026-04-03 12:19,2026-04-03 12:28,27,0.0,27,27,27,26,26,
C,M1.3,2026-04-03 12:46,2026-04-03 12:50,21,0.0,21,21,21,,,
C,C3.4,2026-04-03 16:04,2026-04-03 16:08,34,0.0,12,2,2,9,9,
C,C1.7,2026-04-03 17:31,2026-04-03 17:36,35,0.0,,0,,,,
C,C1.4,2026-04-03 18:55,2026-04-03 19:00,35,0.0,0,,,,,
C,C2.4,2026-04-03 19:06,2026-04-03 19:14,13,0.0,13,3,2,13,13,
C,C4.9,2026-04-03 19:17,2026-04-03 19:21,6,0.0,6,6,6,6,6,
C,C2.1,2026-04-03 20:06,2026-04-03 20:13,37,0.0,0,0,0,,,
C,C2.3,2026-04-03 21:25,2026-04-03 21:34,39,0.0,1,1,0,5,5,
C,C5.8,2026-04-03 21:42,2026-04-03 22:02,27,0.0,27,27,27,27,27,
C,C1.7,2026-04-03 23:36,2026-04-03 23:45,39,0.0,1,1,0,2,2,
C,C2.3,2026-04-04 00:26,2026-04-04 00:41,45,0.0,6,5,5,7,7,
C,M7.5,2026-04-04 01:07,2026-04-04 01:17,35,0.0,35,4,35,35,35,
C,C1.7,2026-04-04 02:51,2026-04-04 02:58,37,0.0,0,0,37,,,
C,C2.2,2026-04-04 03:16,2026-04-04 03:30,31,0.0,31,31,5,30,30,
C,C2.5,2026-04-04 04:19,2026-04-04 04:35,46,0.0,10,9,7,9,9,
C,C1.0,2026-04-04 05:49,2026-04-04 05:54,35,0.0,,,,,,
C,C2.9,2026-04-04 06:01,2026-04-04 06:14,19,0.0,4,4,3,19,19,
C,C2.2,2026-04-04 06:52,2026-04-04 07:01,39,0.0,28,28,28,4,4,
C,M1.7,2026-04-04 07:38,2026-04-04 07:58,50,0.0,50,15,50,14,14,
C,C1.2,2026-04-04 11:22,2026-04-04 11:34,42,0.0,4,3,,4,4,
C,M1.2,2026-04-04 11:57,2026-04-04 12:11,36,0.0,36,8,7,7,7,
C,C1.7,2026-04-04 13:29,2026-04-04 13:39,40,0.0,2,2,1,2,2,
C,C1.6,2026-04-04 15:00,2026-04-04 15:15,45,0.0,7,7,,7,7,
C,C1.7,2026-04-04 16:18,2026-04-04 16:25,37,0.0,1,1,,16,16,
C,C2.8,2026-04-04 17:02,2026-04-04 17:15,43,0.0,6,6,5,5,5,
C,C1.7,2026-04-04 18:48,2026-04-04 19:00,42,0.0,4,2,0,4,4,
C,C7.8,2026-04-04 19:35,2026-04-04 19:47,42,0.0,42,8,7,7,7,
C,M1.0,2026-04-04 22:54,2026-04-04 23:04,40,0.0,31,4,3,34,34,
C,C1.4,2026-04-05 00:21,2026-04-05 00:28,37,0.0,1,0,,2,2,
C,C3.8,2026-04-05 01:51,2026-04-05 02:04,43,0.0,6,6,5,6,6,
C,C1.1,2026-04-05 03:23,2026-04-05 03:29,36,0.0,0,0,,12,12,
C,C1.5,2026-04-05 03:34,2026-04-05 03:41,11,0.0,11,11,,11,11,
C,C1.8,2026-04-05 03:55,2026-04-05 04:00,18,0.0,18,1,0,18,18,
C,C1.2,2026-04-05 04:20,2026-04-05 04:28,27,0.0,27,27,27,26,26,
C,C1.1,2026-04-05 05:01,2026-04-05 05:06,35,0.0,35,0,,0,0,
C,C1.6,2026-04-05 05:35,2026-04-05 05:43,36,0.0,36,36,,2,2,
C,C1.5,2026-04-05 05:59,2026-04-05 06:04,20,0.0,20,20,,20,20,
C,C1.4,2026-04-05 06:41,2026-04-05 06:49,38,0.0,,0,,,,
C,C1.1,2026-04-05 08:21,2026-04-05 08:29,38,0.0,,,,2,2,
C,C1.3,2026-04-05 10:52,2026-04-05 11:04,42,0.0,4,3,,39,3,
C,C1.1,2026-04-05 12:57,2026-04-05 13:00,33,0.0,,1,,,,
C,C2.8,2026-04-05 23:39,2026-04-05 23:47,38,0.0,15,15,2,13,13,
C,C1.0,2026-04-06 05:06,2026-04-06 05:15,39,0.0,0,,,3,,
C,C1.1,2026-04-07 22:04,2026-04-07 22:12,38,0.0,14,1,,15,15,
C,C2.4,2026-04-07 23:10,2026-04-07 23:20,40,0.0,5,5,3,3,3,
C,C1.0,2026-04-08 00:38,2026-04-08 00:48,40,0.0,,,,3,3,
C,C1.3,2026-04-08 04:57,2026-04-08 05:01,34,0.0,17,0,,17,17,
C,C1.4,2026-04-08 23:38,2026-04-08 23:50,42,0.0,4,,,6,6,
C,C1.4,2026-04-09 00:57,2026-04-09 01:05,38,0.0,1,1,,,,
C,C1.3,2026-04-09 05:21,2026-04-09 05:28,37,0.0,1,1,,2,,
C,C1.0,2026-04-09 06:28,2026-04-09 06:31,33,0.0,9,9,,10,10,
C,C1.4,2026-04-09 08:07,2026-04-09 08:14,37,0.0,35,20,0,19,19,
C,C1.0,2026-04-11 10:07,2026-04-11 10:24,47,0.0,6,6,,7,,
C,C2.0,2026-04-11 23:15,2026-04-11 23:24,39,0.0,0,1,0,0,0,
C,C1.9,2026-04-12 00:47,2026-04-12 01:01,44,0.0,5,42,1,41,,
C,C1.5,2026-04-12 02:17,2026-04-12 02:20,33,0.0,0,0,,33,,
C,C1.0,2026-04-12 03:09,2026-04-12 03:18,39,0.0,0,1,,,,
C,C2.4,2026-04-12 04:55,2026-04-12 05:08,43,0.0,3,5,1,5,,
C,C2.4,2026-04-12 07:31,2026-04-12 07:38,37,0.0,2,3,1,0,0,
C,C1.5,2026-04-12 08:29,2026-04-12 08:38,39,0.0,0,1,,,,
C,C1.1,2026-04-13 11:20,2026-04-13 11:37,47,0.0,7,,,9,,
C,C1.6,2026-04-18 06:40,2026-04-18 07:04,54,0.0,16,,5,17,17,
C,C1.0,2026-04-20 08:33,2026-04-20 08:45,42,0.0,1,0,,3,,
C,C1.6,2026-04-20 14:57,2026-04-20 15:13,46,0.0,9,8,0,9,,
C,C1.3,2026-04-21 01:03,2026-04-21 01:15,42,0.0,4,4,,5,,
C,C5.3,2026-04-21 05:53,2026-04-21 06:02,39,0.0,0,1,0,,,
C,C1.3,2026-04-21 06:47,2026-04-21 06:55,38,0.0,4,4,,2,2,
C,C1.8,2026-04-21 07:00,2026-04-21 07:19,23,0.0,23,,7,23,23,
C,C1.6,2026-04-21 09:42,2026-04-21 09:56,44,0.0,9,9,,7,7,
C,C2.2,2026-04-21 11:26,2026-04-21 11:30,34,0.0,1,1,0,0,0,
C,C4.0,2026-04-21 11:45,2026-04-21 11:50,19,0.0,19,19,19,19,19,
C,C1.4,2026-04-21 13:41,2026-04-21 14:02,51,0.0,8,,,12,12,
C,C1.8,2026-04-21 14:15,2026-04-21 14:24,21,0.0,21,0,0,2,2,
C,C1.3,2026-04-21 16:29,2026-04-21 16:43,44,0.0,4,4,,7,,
C,C1.7,2026-04-21 18:17,2026-04-21 18:36,49,0.0,11,13,,11,11,
C,C1.9,2026-04-21 21:20,2026-04-21 21:25,35,0.0,0,9,,0,0,
C,C1.2,2026-04-21 23:13,2026-04-21 23:20,37,0.0,1,3,,25,0,
C,C1.7,2026-04-22 01:32,2026-04-22 01:39,37,0.0,,0,,,,
C,C1.4,2026-04-22 04:22,2026-04-22 04:33,41,0.0,4,2,,26,4,
C,C1.1,2026-04-22 06:10,2026-04-22 06:17,37,0.0,,,,,,
C,C1.0,2026-04-22 09:49,2026-04-22 09:58,39,0.0,1,1,,,,
C,C7.9,2026-04-24 03:57,2026-04-24 04:01,34,0.0,0,1,1,11,11,
C,C3.1,2026-04-24 05:22,2026-04-24 05:30,38,0.0,1,1,38,,,
C,C3.9,2026-04-24 07:07,2026-04-24 07:11,34,0.0,1,1,33,,,
C,X2.5,2026-04-24 08:01,2026-04-24 08:13,42,0.0,6,17,42,4,4,
C,M1.9,2026-04-24 08:57,2026-04-24 09:07,40,0.0,2,40,40,1,1,
C,C4.5,2026-04-24 10:50,2026-04-24 10:57,37,0.0,0,1,37,,,
C,C3.9,2026-04-24 12:16,2026-04-24 12:21,35,0.0,16,18,35,16,16,
C,M1.7,2026-04-24 12:34,2026-04-24 13:01,39,0.0,34,39,39,39,39,
C,C3.5,2026-04-24 14:33,2026-04-24 14:38,35,0.0,19,19,35,,,
C,C3.7,2026-04-24 15:55,2026-04-24 16:06,41,0.0,5,5,5,4,4,
C,C3.4,2026-04-24 16:40,2026-04-24 16:44,34,0.0,34,0,34,0,0,
C,C7.0,2026-04-24 17:04,2026-04-24 17:15,30,0.0,30,30,30,4,4,
C,M6.4,2026-04-24 17:54,2026-04-24 18:15,51,0.0,51,14,51,13,13,
C,C4.6,2026-04-25 01:17,2026-04-25 01:33,46,0.0,9,9,9,8,8,
C,C1.3,2026-04-25 07:03,2026-04-25 07:08,35,0.0,18,18,,,,
C,C2.4,2026-04-25 07:40,2026-04-25 07:46,36,0.0,36,1,0,,,
C,M1.3,2026-04-25 07:56,2026-04-25 07:59,12,0.0,12,12,12,12,12,
C,C2.1,2026-04-25 09:30,2026-04-25 09:32,32,0.0,,,,,,
C,C3.2,2026-04-25 09:47,2026-04-25 09:54,21,0.0,21,21,21,,,
C,C1.4,2026-04-25 12:25,2026-04-25 12:31,36,0.0,,,,,,
C,C3.8,2026-04-25 13:08,2026-04-25 13:20,42,0.0,4,3,3,25,25,
C,M1.1,2026-04-25 14:22,2026-04-25 14:30,38,0.0,0,0,0,,,
C,C2.1,2026-04-25 15:53,2026-04-25 16:02,39,0.0,2,3,1,0,0,
C,C3.9,2026-04-25 19:26,2026-04-25 19:38,42,0.0,3,3,2,3,3,
C,C3.5,2026-04-25 21:24,2026-04-25 21:26,32,0.0,,,,,,
C,C1.9,2026-04-25 23:42,2026-04-25 23:48,36,0.0,0,,,,,
C,M1.3,2026-04-26 00:08,2026-04-26 00:23,34,0.0,34,34,6,34,34,
C,C2.1,2026-04-26 05:19,2026-04-26 05:26,37,0.0,1,1,0,,,
C,C3.8,2026-04-26 07:08,2026-04-26 07:19,41,0.0,3,3,2,2,2,
C,C3.5,2026-04-26 11:03,2026-04-26 11:17,44,0.0,5,5,4,5,5,
C,C3.5,2026-04-26 11:32,2026-04-26 11:36,18,0.0,18,18,18,18,18,
C,C1.9,2026-04-26 12:18,2026-04-26 12:22,34,0.0,0,,34,,,
C,C2.5,2026-04-26 12:31,2026-04-26 12:37,14,0.0,14,,0,,,
C,M1.4,2026-04-26 13:54,2026-04-26 14:03,39,0.0,5,5,5,10,10,
C,C8.4,2026-04-26 14:18,2026-04-26 14:25,21,0.0,21,21,21,21,21,
C,C2.7,2026-04-26 15:04,2026-04-26 15:11,37,0.0,0,0,37,,,
C,C2.9,2026-04-26 15:18,2026-04-26 15:22,10,0.0,10,10,10,10,10,
C,C5.0,2026-04-26 15:49,2026-04-26 16:01,38,0.0,38,6,38,8,8,
C,C4.9,2026-04-26 16:07,2026-04-26 16:13,11,0.0,11,11,11,11,11,
C,C5.4,2026-04-26 17:34,2026-04-26 17:39,35,0.0,1,1,35,,,
C,C9.7,2026-04-26 17:57,2026-04-26 18:03,23,0.0,23,23,23,23,23,
C,C8.8,2026-04-26 19:00,2026-04-26 19:15,45,0.0,6,31,45,6,6,
C,M1.7,2026-04-26 19:18,2026-04-26 19:24,8,0.0,8,8,8,8,8,
C,M2.2,2026-04-26 19:54,2026-04-26 20:04,39,0.0,39,39,39,39,39,
C,C5.0,2026-04-26 21:30,2026-04-26 21:35,35,0.0,0,17,35,,,
C,C7.7,2026-04-26 21:39,2026-04-26 21:48,12,0.0,12,12,12,11,11,
C,C5.4,2026-04-26 22:43,2026-04-26 22:48,35,0.0,15,15,35,13,13,
C,M6.0,2026-04-26 22:51,2026-04-26 22:57,8,0.0,8,8,8,8,8,
C,C2.7,2026-04-27 00:58,2026-04-27 01:05,37,0.0,0,0,1,,,
C,C3.3,2026-04-27 01:07,2026-04-27 01:21,15,0.0,15,15,15,15,15,
C,C4.6,2026-04-27 01:28,2026-04-27 01:37,15,0.0,7,3,15,0,0,
C,C6.8,2026-04-27 01:53,2026-04-27 02:03,25,0.0,25,25,25,3,3,
C,C6.5,2026-04-27 02:09,2026-04-27 02:15,11,0.0,11,11,11,11,11,
C,C5.9,2026-04-27 03:30,2026-04-27 03:37,37,0.0,1,2,37,,,
C,C3.5,2026-04-27 04:05,2026-04-27 04:10,32,0.0,32,32,32,32,32,
C,C1.8,2026-04-27 05:37,2026-04-27 05:43,36,0.0,,,,,,
C,C1.8,2026-04-27 06:02,2026-04-27 06:07,23,0.0,23,23,,23,23,
C,M1.0,2026-04-27 06:39,2026-04-27 06:45,36,0.0,1,1,1,,,
C,C5.4,2026-04-27 07:38,2026-04-27 07:45,37,0.0,3,3,37,1,1,
C,C1.6,2026-04-27 10:00,2026-04-27 10:07,37,0.0,1,1,,,,
C,C1.7,2026-04-27 18:37,2026-04-27 18:46,39,0.0,1,2,,0,0,
C,C1.0,2026-04-27 21:40,2026-04-27 21:44,34,0.0,,,,,,
C,C1.4,2026-04-27 22:45,2026-04-27 22:54,39,0.0,1,,,28,28,
C,C5.4,2026-04-27 23:06,2026-04-27 23:13,18,0.0,18,3,2,0,0,
C,C2.3,2026-04-28 00:54,2026-04-28 01:03,39,0.0,3,2,0,2,2,
C,C2.7,2026-04-28 01:22,2026-04-28 01:32,28,0.0,28,28,28,28,28,
C,C1.6,2026-04-28 04:58,2026-04-28 05:06,38,0.0,0,0,,,,
C,C6.0,2026-04-28 08:09,2026-04-28 08:17,38,0.0,3,3,38,2,2,
C,C9.0,2026-04-28 09:13,2026-04-28 09:23,40,0.0,3,2,3,,,
C,C7.1,2026-04-28 09:28,2026-04-28 09:32,8,0.0,8,8,8,8,8,
C,C3.1,2026-04-28 11:12,2026-04-28 11:18,36,0.0,0,0,0,,,
C,C9.3,2026-04-28 11:41,2026-04-28 11:46,27,0.0,27,27,27,27,27,
C,C7.7,2026-04-28 12:00,2026-04-28 12:14,27,0.0,27,27,27,27,27,
C,M1.0,2026-04-28 12:17,2026-04-28 12:23,8,0.0,8,8,8,0,0,
C,M1.5,2026-04-28 13:49,2026-04-28 13:53,34,0.0,0,0,34,,,
C,M1.1,2026-04-28 14:03,2026-04-28 14:07,13,0.0,13,13,13,12,12,
C,C2.6,2026-04-28 14:30,2026-04-28 14:33,25,0.0,25,25,25,24,24,
C,C4.2,2026-04-28 15:49,2026-04-28 15:53,34,0.0,0,0,0,,,
C,C2.7,2026-04-28 16:01,2026-04-28 16:08,14,0.0,14,14,14,13,13,
C,C5.2,2026-04-28 18:10,2026-04-28 18:32,52,0.0,16,16,16,38,38,
C,C8.1,2026-04-28 18:43,2026-04-28 18:49,16,0.0,16,16,16,16,16,
C,C2.5,2026-04-28 19:49,2026-04-28 19:53,34,0.0,1,1,34,,,
C,C3.1,2026-04-28 22:02,2026-04-28 22:05,33,0.0,0,0,0,,,
C,C2.0,2026-04-28 22:39,2026-04-28 22:47,38,0.0,2,2,,1,1,
C,C1.7,2026-04-29 00:00,2026-04-29 00:07,37,0.0,,,,,,
C,C3.5,2026-04-30 08:46,2026-04-30 09:03,47,0.0,8,3,6,9,9,
C,C3.3,2026-04-30 09:11,2026-04-30 09:17,13,0.0,13,13,13,13,13,
C,C3.7,2026-04-30 09:35,2026-04-30 09:40,22,0.0,22,0,22,22,22,
C,C1.8,2026-04-30 22:45,2026-04-30 22:50,35,0.0,0,0,,,,
C,C1.4,2026-05-01 02:46,2026-05-01 02:52,36,0.0,0,,,,,
C,C1.8,2026-05-01 04:12,2026-05-01 04:19,37,0.0,0,1,,,,
C,C1.4,2026-05-01 06:54,2026-05-01 06:59,35,0.0,,,,,,
C,C1.4,2026-05-01 08:47,2026-05-01 08:50,33,0.0,,,,,,
C,C1.9,2026-05-01 09:29,2026-05-01 09:33,34,0.0,6,0,,6,6,
C,C1.7,2026-05-01 14:10,2026-05-01 14:14,34,0.0,0,0,,,,
C,C7.4,2026-05-01 15:24,2026-05-01 15:29,35,0.0,0,1,1,,,
C,C1.3,2026-05-01 23:10,2026-05-01 23:15,35,0.0,,,,,,
C,C2.8,2026-05-01 23:21,2026-05-01 23:29,13,0.0,13,2,1,13,13,
C,C2.5,2026-05-02 02:30,2026-05-02 02:45,45,0.0,6,6,4,7,7,
C,C2.4,2026-05-02 05:37,2026-05-02 05:48,41,0.0,2,2,1,2,2,
C,C1.9,2026-05-02 06:16,2026-05-02 06:25,36,0.0,36,36,36,36,36,
C,C1.8,2026-05-02 07:56,2026-05-02 08:10,44,0.0,5,,,6,6,
C,C2.2,2026-05-02 09:22,2026-05-02 09:25,33,0.0,7,0,0,,,
C,C2.0,2026-05-02 10:20,2026-05-02 10:28,38,0.0,2,2,0,2,2,
C,C4.0,2026-05-02 10:44,2026-05-02 11:04,35,0.0,35,35,35,12,12,
C,C3.1,2026-05-02 11:44,2026-05-02 11:51,37,0.0,37,2,37,1,1,
C,C3.5,2026-05-02 11:55,2026-05-02 12:03,11,0.0,11,11,11,11,11,
C,C3.8,2026-05-02 12:05,2026-05-02 12:11,7,0.0,7,,7,7,7,
C,C2.4,2026-05-02 13:56,2026-05-02 14:04,38,0.0,3,2,2,1,1,
C,C3.5,2026-05-02 15:11,2026-05-02 15:21,40,0.0,2,2,2,1,1,
C,C4.2,2026-05-02 15:31,2026-05-02 15:35,13,0.0,13,13,13,13,13,
C,C8.7,2026-05-02 18:30,2026-05-02 18:38,38,0.0,1,1,1,,,
C,C2.2,2026-05-02 20:17,2026-05-02 20:25,38,0.0,0,0,,,,
C,C1.5,2026-05-03 02:20,2026-05-03 02:27,37,0.0,3,0,,30,30,
C,C1.6,2026-05-03 03:33,2026-05-03 03:41,38,0.0,1,1,,0,0,
C,C3.6,2026-05-03 06:56,2026-05-03 07:08,42,0.0,7,6,6,6,6,
C,M1.8,2026-05-04 01:13,2026-05-04 01:33,50,0.0,12,8,6,12,12,
C,C1.1,2026-05-04 10:39,2026-05-04 10:51,42,0.0,,,,5,5,
C,C1.5,2026-05-04 11:33,2026-05-04 11:39,36,0.0,,,,19,19,
C,C1.2,2026-05-05 04:19,2026-05-05 04:24,35,0.0,,,,,,
C,C1.3,2026-05-05 05:04,2026-05-05 05:12,38,0.0,,0,,0,0,
C,C6.0,2026-05-05 05:21,2026-05-05 05:27,14,0.0,14,14,1,14,14,
C,C3.9,2026-05-05 05:37,2026-05-05 05:46,18,0.0,18,18,18,18,18,
C,C1.9,2026-05-05 08:30,2026-05-05 08:38,38,0.0,1,1,,10,10,
C,C1.8,2026-05-05 14:09,2026-05-05 14:12,33,0.0,0,0,,,,
C,C1.2,2026-05-05 14:59,2026-05-05 15:09,40,0.0,,,,,,
C,C1.0,2026-05-06 04:33,2026-05-06 04:46,43,0.0,5,,,5,,
C,C1.4,2026-05-06 17:19,2026-05-06 17:24,35,0.0,0,0,,,,
C,C4.5,2026-05-07 01:28,2026-05-07 02:15,77,0.0,44,38,40,45,45,
C,C2.3,2026-05-07 10:35,2026-05-07 10:45,40,0.0,2,2,1,0,0,
C,C1.5,2026-05-07 12:53,2026-05-07 12:59,36,0.0,0,0,,,,
C,M2.6,2026-05-07 14:20,2026-05-07 15:14,84,0.0,45,45,50,57,57,
C,C6.0,2026-05-07 17:45,2026-05-07 17:57,42,0.0,7,8,42,6,6,
C,C4.2,2026-05-08 15:41,2026-05-08 15:51,40,0.0,4,4,3,4,4,
C,C1.4,2026-05-08 17:56,2026-05-08 18:02,36,0.0,0,,,9,9,
C,C1.1,2026-05-08 18:20,2026-05-08 18:25,22,0.0,22,22,,22,22,
C,C2.1,2026-05-08 19:01,2026-05-08 19:07,36,0.0,0,0,,0,0,
C,C1.2,2026-05-08 19:16,2026-05-08 19:21,13,0.0,13,13,13,13,13,
C,C2.6,2026-05-08 20:05,2026-05-08 20:21,46,0.0,7,7,3,9,9,
C,C1.0,2026-05-08 22:00,2026-05-08 22:07,37,0.0,,,,,,
C,C2.4,2026-05-08 23:19,2026-05-08 23:28,39,0.0,3,3,1,3,3,
C,C1.3,2026-05-09 00:11,2026-05-09 00:21,40,0.0,,0,,1,,
C,C2.1,2026-05-09 02:18,2026-05-09 02:28,40,0.0,39,5,2,40,4,
C,C2.3,2026-05-09 03:21,2026-05-09 03:31,40,0.0,1,2,1,2,2,
C,C1.5,2026-05-09 05:14,2026-05-09 05:21,37,0.0,,,,,,
C,C1.5,2026-05-09 06:22,2026-05-09 06:33,41,0.0,6,6,,6,6,
C,C1.6,2026-05-09 07:53,2026-05-09 08:02,39,0.0,0,1,,3,,
C,C1.2,2026-05-09 09:19,2026-05-09 09:24,35,0.0,,,,,,
C,C1.3,2026-05-09 13:15,2026-05-09 13:19,34,0.0,,,,,,
C,C1.5,2026-05-09 13:59,2026-05-09 14:17,48,0.0,,,,8,8,
C,C1.5,2026-05-09 14:22,2026-05-09 14:31,13,0.0,1,,,,,
C,C1.5,2026-05-09 15:16,2026-05-09 15:26,40,0.0,2,,,3,3,
C,C1.1,2026-05-09 16:20,2026-05-09 16:25,35,0.0,,,,,,
C,C1.2,2026-05-09 18:48,2026-05-09 18:55,37,0.0,0,,,,,
C,C1.2,2026-05-09 19:12,2026-05-09 19:20,24,0.0,24,,,24,24,
C,C1.2,2026-05-09 20:21,2026-05-09 20:29,38,0.0,,,,,,
C,C2.0,2026-05-09 21:37,2026-05-09 21:46,39,0.0,2,0,0,6,6,
C,C2.1,2026-05-09 21:57,2026-05-09 22:03,16,0.0,16,16,16,16,16,
C,C1.6,2026-05-10 02:27,2026-05-10 02:33,36,0.0,1,,,,,
C,C2.1,2026-05-10 02:36,2026-05-10 02:40,6,0.0,6,6,0,6,6,
C,C1.4,2026-05-10 03:56,2026-05-10 04:03,37,0.0,,,,,,
C,C2.0,2026-05-10 04:59,2026-05-10 05:04,35,0.0,0,0,,,,
C,C1.4,2026-05-10 06:32,2026-05-10 06:40,38,0.0,1,1,,,,
C,C2.0,2026-05-10 07:28,2026-05-10 07:34,36,0.0,2,2,1,0,0,
C,C1.9,2026-05-10 09:15,2026-05-10 09:24,39,0.0,0,0,,2,2,
C,C3.7,2026-05-10 09:32,2026-05-10 09:39,14,0.0,14,14,14,14,14,
C,C1.1,2026-05-10 10:36,2026-05-10 10:43,37,0.0,0,0,,0,0,
C,M5.7,2026-05-10 13:19,2026-05-10 13:39,50,0.0,48,12,11,47,21,
C,C1.2,2026-05-10 19:27,2026-05-10 19:34,37,0.0,,,,,,
C,C1.3,2026-05-10 20:58,2026-05-10 21:09,41,0.0,2,,,3,3,
C,C1.4,2026-05-10 23:11,2026-05-10 23:18,37,0.0,0,0,,,,
C,C1.0,2026-05-11 00:45,2026-05-11 00:52,37,0.0,,,,,,
C,C1.4,2026-05-11 08:21,2026-05-11 08:32,41,0.0,2,2,,2,2,
C,C1.2,2026-05-11 11:49,2026-05-11 11:54,35,0.0,0,0,,0,0,
C,C1.8,2026-05-11 14:05,2026-05-11 14:15,40,0.0,1,0,,2,2,
C,C1.3,2026-05-12 00:48,2026-05-12 01:01,43,0.0,5,,,6,6,
C,C1.0,2026-05-12 06:44,2026-05-12 06:54,40,0.0,16,,,,,
C,C1.1,2026-05-12 09:26,2026-05-12 09:35,39,0.0,1,,,1,1,
C,C1.3,2026-05-12 10:19,2026-05-12 10:26,37,0.0,2,2,,2,2,
C,C1.4,2026-05-12 10:38,2026-05-12 10:49,22,0.0,22,22,,22,22,
C,C2.0,2026-05-12 12:40,2026-05-12 12:49,39,0.0,4,0,0,19,0,
C,C1.5,2026-05-12 17:11,2026-05-12 17:17,36,0.0,0,0,,,,
C,C1.1,2026-05-12 21:42,2026-05-12 21:48,36,0.0,,,,,,
C,C1.0,2026-05-12 22:11,2026-05-12 22:17,28,0.0,28,,,27,27,
C,C2.1,2026-05-13 01:43,2026-05-13 01:54,41,0.0,5,3,0,4,4,
C,C2.3,2026-05-13 06:31,2026-05-13 06:40,39,0.0,1,1,1,11,11,
C,C1.5,2026-05-13 10:28,2026-05-13 10:36,38,0.0,0,,,,,
C,C1.0,2026-05-13 16:46,2026-05-13 16:54,38,0.0,1,1,,1,1,
C,C2.0,2026-05-13 17:06,2026-05-13 17:14,19,0.0,19,19,0,19,19,
C,C1.4,2026-05-13 18:00,2026-05-13 18:05,35,0.0,35,0,,0,0,
C,C1.4,2026-05-13 19:35,2026-05-13 19:48,43,0.0,4,,,6,6,
C,C1.6,2026-05-14 02:05,2026-05-14 02:12,37,0.0,0,0,,18,18,
C,C2.6,2026-05-14 03:27,2026-05-14 03:41,44,0.0,8,8,7,7,7,
C,C1.9,2026-05-14 05:20,2026-05-14 05:37,47,0.0,11,10,1,10,10,
C,C1.6,2026-05-14 05:56,2026-05-14 06:04,26,0.0,26,,26,,,
C,C5.5,2026-05-14 06:31,2026-05-14 06:42,37,0.0,37,3,2,37,37,
C,C1.2,2026-05-14 08:48,2026-05-14 08:55,37,0.0,0,,,,,
C,C2.5,2026-05-14 09:13,2026-05-14 09:20,24,0.0,24,3,2,24,24,
C,C1.5,2026-05-14 10:33,2026-05-14 10:42,39,0.0,0,,,,,
C,C2.5,2026-05-14 10:46,2026-05-14 10:56,13,0.0,13,4,4,13,13,
C,C3.8,2026-05-14 11:26,2026-05-14 11:36,39,0.0,39,39,39,39,39,
C,C1.0,2026-05-14 13:21,2026-05-14 13:40,49,0.0,,,,13,,
C,C1.3,2026-05-14 14:24,2026-05-14 14:33,39,0.0,2,,,,,
C,C2.4,2026-05-14 17:04,2026-05-14 17:13,39,0.0,2,1,0,2,2,
C,C4.4,2026-05-14 17:18,2026-05-14 17:39,25,0.0,25,25,25,25,25,
C,C5.1,2026-05-14 18:21,2026-05-14 18:40,49,0.0,49,7,49,,,
C,C1.0,2026-05-14 21:55,2026-05-14 22:03,38,0.0,1,,,0,0,
C,C1.5,2026-05-14 22:14,2026-05-14 22:20,16,0.0,16,0,,16,16,
C,C1.1,2026-05-14 22:58,2026-05-14 23:07,39,0.0,39,,,,,
C,C1.2,2026-05-14 23:16,2026-05-14 23:21,13,0.0,,,,13,13,
C,C1.0,2026-05-15 01:48,2026-05-15 01:52,34,0.0,,,,,,
C,C3.3,2026-05-15 02:52,2026-05-15 03:09,47,0.0,8,7,5,8,8,
C,C4.3,2026-05-15 11:43,2026-05-15 11:50,37,0.0,2,2,1,37,2,
C,C6.6,2026-05-15 13:08,2026-05-15 13:13,35,0.0,,0,0,11,,
C,C1.1,2026-05-15 13:40,2026-05-15 13:50,36,0.0,36,36,36,1,1,
C,C9.4,2026-05-15 16:05,2026-05-15 16:14,39,0.0,0,1,0,,,
C,C1.1,2026-05-16 14:19,2026-05-16 14:39,50,0.0,12,,,,,
C,C3.4,2026-05-16 15:08,2026-05-16 15:12,32,0.0,32,0,,,,
C,M1.8,2026-05-16 15:50,2026-05-16 16:12,52,0.0,13,13,11,13,13,
C,M1.3,2026-05-16 16:22,2026-05-16 16:29,16,0.0,16,16,16,16,16,
C,M1.9,2026-05-16 17:39,2026-05-16 17:42,33,0.0,0,1,33,,,
C,C2.6,2026-05-16 19:02,2026-05-16 19:07,35,0.0,0,0,0,,,
C,C3.6,2026-05-16 19:57,2026-05-16 20:03,36,0.0,0,0,0,,,
C,C1.4,2026-05-16 22:22,2026-05-16 22:26,34,0.0,,,,31,31,
C,C5.8,2026-05-16 23:13,2026-05-16 23:30,47,0.0,9,9,8,10,10,
C,M1.4,2026-05-17 03:29,2026-05-17 03:39,40,0.0,4,4,3,3,3,
C,C1.9,2026-05-18 18:10,2026-05-18 18:28,48,0.0,10,10,1,11,,
C,C2.1,2026-05-19 07:29,2026-05-19 07:40,41,0.0,2,2,1,0,0,
C,C1.1,2026-05-19 16:40,2026-05-19 16:51,41,0.0,1,2,,13,0,
C,C2.1,2026-05-19 19:44,2026-05-19 20:00,46,0.0,2,2,0,11,2,
C,C1.0,2026-05-19 21:13,2026-05-19 21:25,42,0.0,3,3,,5,,
C,C1.0,2026-05-19 21:40,2026-05-19 21:45,19,0.0,19,,,19,,
C,C1.4,2026-05-19 21:58,2026-05-19 22:03,17,0.0,17,0,,,,
C,C1.0,2026-05-20 04:12,2026-05-20 04:43,61,0.0,,,,22,,
C,C1.0,2026-05-20 09:59,2026-05-20 10:09,40,0.0,0,0,,0,0,
C,C5.5,2026-05-21 13:09,2026-05-21 13:21,42,0.0,3,3,2,3,3,
C,C8.3,2026-05-21 18:04,2026-05-21 18:14,40,0.0,2,2,2,,,
C,C9.5,2026-05-21 18:19,2026-05-21 18:25,10,0.0,10,10,10,10,10,
C,C1.3,2026-05-21 23:04,2026-05-21 23:10,36,0.0,2,,,0,0,
C,C1.3,2026-05-23 03:22,2026-05-23 03:27,35,0.0,0,0,,,,
C,C1.4,2026-05-23 03:46,2026-05-23 03:50,22,0.0,22,22,,21,21,
C,C3.6,2026-05-23 05:35,2026-05-23 05:48,43,0.0,4,5,3,4,4,
C,C2.1,2026-05-23 07:11,2026-05-23 07:17,36,0.0,,0,2,,,
C,C1.9,2026-05-23 09:10,2026-05-23 09:13,33,0.0,0,0,,,,
C,C2.9,2026-05-23 11:35,2026-05-23 11:44,39,0.0,1,1,1,,,
C,C2.3,2026-05-23 14:02,2026-05-23 14:11,39,0.0,0,1,0,,,
C,C1.8,2026-05-23 17:08,2026-05-23 17:14,36,0.0,18,1,2,18,18,
C,C2.0,2026-05-23 17:34,2026-05-23 17:46,31,0.0,31,31,31,31,31,
C,C2.7,2026-05-23 19:07,2026-05-23 19:32,55,0.0,16,16,18,19,19,
C,C2.8,2026-05-23 19:45,2026-05-23 19:55,22,0.0,22,,22,22,22,
C,C2.9,2026-05-23 21:00,2026-05-23 21:05,35,0.0,0,1,35,,,
C,C5.5,2026-05-23 21:57,2026-05-23 22:04,37,0.0,2,37,37,36,36,
C,C2.6,2026-05-23 22:23,2026-05-23 22:32,27,0.0,27,27,27,27,27,
C,C4.7,2026-05-23 23:43,2026-05-23 23:59,46,0.0,6,8,10,8,8,
C,C3.5,2026-05-24 00:48,2026-05-24 01:04,46,0.0,8,9,46,9,9,
C,C3.4,2026-05-24 02:18,2026-05-24 02:25,37,0.0,12,11,19,17,17,
C,C3.7,2026-05-24 02:33,2026-05-24 02:37,11,0.0,11,11,11,11,11,
C,C3.7,2026-05-25 00:51,2026-05-25 01:04,43,0.0,5,5,4,3,3,
C,C1.7,2026-05-25 06:41,2026-05-25 06:53,42,0.0,4,4,,4,4,
C,C2.4,2026-05-26 07:11,2026-05-26 07:17,36,0.0,1,1,1,,,
C,C9.7,2026-05-26 12:30,2026-05-26 12:38,38,0.0,2,2,2,1,1,
C,C1.6,2026-05-26 13:50,2026-05-26 14:00,40,0.0,1,,,2,2,
C,C2.5,2026-05-26 20:10,2026-05-26 20:19,39,0.0,5,5,5,3,3,
C,C1.7,2026-05-26 20:40,2026-05-26 20:48,28,0.0,28,0,28,28,28,
C,C1.8,2026-05-26 20:51,2026-05-26 20:56,7,0.0,7,,6,7,7,
C,C4.7,2026-05-26 23:39,2026-05-26 23:49,40,0.0,2,2,2,1,1,
C,C1.9,2026-05-27 01:49,2026-05-27 01:59,40,0.0,1,2,1,2,2,
C,C3.4,2026-05-27 12:07,2026-05-27 12:16,39,0.0,3,0,0,2,2,
C,C2.8,2026-05-27 13:20,2026-05-27 13:23,33,0.0,0,0,0,,,
C,C3.1,2026-05-28 15:09,2026-05-28 15:16,37,0.0,0,1,0,,,
C,C1.4,2026-05-28 16:28,2026-05-28 16:37,39,0.0,,,,0,0,
C,C6.0,2026-05-29 04:50,2026-05-29 05:08,48,0.0,11,11,10,22,10,
C,C7.6,2026-05-29 05:24,2026-05-29 05:37,28,0.0,28,28,28,28,28,
C,M1.1,2026-05-29 06:40,2026-05-29 07:04,54,0.0,18,36,54,32,32,
C,C1.2,2026-05-29 15:41,2026-05-29 15:53,42,0.0,4,4,,5,5,
C,C1.1,2026-05-29 19:01,2026-05-29 19:09,38,0.0,,,,,,
C,C1.6,2026-05-29 19:28,2026-05-29 19:33,23,0.0,23,23,,22,22,
C,C3.0,2026-05-29 19:36,2026-05-29 19:47,13,0.0,13,13,7,13,13,
C,C2.0,2026-05-29 21:11,2026-05-29 21:29,48,0.0,10,9,1,12,12,
C,C1.3,2026-05-30 02:35,2026-05-30 02:40,35,0.0,0,,,,,
C,C3.9,2026-05-30 07:29,2026-05-30 07:47,48,0.0,10,10,9,9,9,
C,C1.8,2026-05-30 08:40,2026-05-30 08:52,42,0.0,1,,,3,3,
C,C4.7,2026-05-30 11:45,2026-05-30 11:53,38,0.0,0,0,0,,,
C,C1.1,2026-05-30 14:37,2026-05-30 14:48,41,0.0,2,,,4,4,
C,C1.1,2026-05-30 17:27,2026-05-30 17:36,39,0.0,0,,,1,1,
C,C1.1,2026-05-30 22:22,2026-05-30 22:28,36,0.0,,,,,,
C,C1.2,2026-05-30 22:31,2026-05-30 22:37,8,0.0,,,,,,
C,C1.6,2026-05-31 17:56,2026-05-31 18:10,44,0.0,8,8,,8,8,
C,C1.7,2026-05-31 18:31,2026-05-31 18:36,25,0.0,25,0,,25,25,
C,C1.5,2026-05-31 19:39,2026-05-31 19:43,34,0.0,,0,,,,
C,C1.9,2026-05-31 21:42,2026-05-31 21:53,41,0.0,4,4,,3,3,
C,C1.5,2026-06-01 05:11,2026-06-01 05:19,38,0.0,0,1,,,,
C,C1.1,2026-06-02 02:28,2026-06-02 02:33,35,0.0,,,,18,,
C,C1.8,2026-06-02 02:40,2026-06-02 02:50,16,0.0,16,5,,15,15,
C,C1.4,2026-06-02 04:11,2026-06-02 04:23,42,0.0,3,,,5,5,
C,M1.2,2026-06-02 04:42,2026-06-02 04:45,21,0.0,21,0,0,,,
C,C3.1,2026-06-02 06:46,2026-06-02 06:59,43,0.0,3,3,0,6,6,
C,C1.2,2026-06-02 07:51,2026-06-02 07:55,34,0.0,,,,,,
C,C1.4,2026-06-02 08:21,2026-06-02 08:29,33,0.0,0,33,,32,32,
C,C3.7,2026-06-02 08:31,2026-06-02 08:44,14,0.0,13,6,6,5,5,
C,M1.2,2026-06-02 09:51,2026-06-02 10:05,44,0.0,6,6,5,5,5,
C,C4.3,2026-06-02 10:57,2026-06-02 11:02,35,0.0,0,1,35,,,
C,C2.3,2026-06-02 13:53,2026-06-02 13:58,35,0.0,1,1,1,,,
C,M3.3,2026-06-02 16:31,2026-06-02 16:50,49,0.0,10,10,9,10,10,
C,C2.9,2026-06-02 18:07,2026-06-02 18:13,36,0.0,1,1,1,0,0,
C,C2.4,2026-06-02 18:35,2026-06-02 18:41,27,0.0,27,27,27,27,27,
C,C4.2,2026-06-02 20:24,2026-06-02 20:39,45,0.0,8,7,6,7,7,
C,C4.0,2026-06-03 00:22,2026-06-03 00:46,54,0.0,17,15,13,16,16,
C,C2.0,2026-06-03 01:11,2026-06-03 01:15,28,0.0,28,0,28,,,
C,M9.3,2026-06-03 01:22,2026-06-03 01:36,20,0.0,20,20,9,19,19,
C,C1.8,2026-06-03 03:24,2026-06-03 03:34,40,0.0,3,,,1,1,
C,C2.1,2026-06-03 04:50,2026-06-03 04:55,35,0.0,1,1,,0,0,
C,M7.7,2026-06-03 06:49,2026-06-03 07:00,41,0.0,4,5,3,35,35,
C,C2.4,2026-06-03 10:53,2026-06-03 10:59,36,0.0,1,1,0,0,0,
C,X1.0,2026-06-03 11:19,2026-06-03 11:28,28,0.0,28,28,28,28,28,
C,C1.7,2026-06-03 15:26,2026-06-03 15:36,40,0.0,3,2,,2,2,
C,C1.5,2026-06-03 19:21,2026-06-03 19:26,35,0.0,1,1,,1,1,
C,C1.8,2026-06-03 20:46,2026-06-03 20:52,36,0.0,,,,,,
C,C5.1,2026-06-03 23:27,2026-06-03 23:43,46,0.0,12,11,10,18,18,
C,C1.4,2026-06-05 02:17,2026-06-05 02:21,12,0.0,12,,,12,12,
C,C1.7,2026-06-05 11:40,2026-06-05 11:47,37,0.0,0,,,,,
C,C1.9,2026-06-05 11:51,2026-06-05 11:54,6,0.0,6,6,,6,6,
C,C1.5,2026-06-05 13:20,2026-06-05 13:25,35,0.0,,,,,,
C,C4.1,2026-06-05 14:52,2026-06-05 15:03,41,0.0,6,6,5,5,5,
C,C3.9,2026-06-05 15:10,2026-06-05 15:13,9,0.0,9,9,9,,,
C,C1.4,2026-06-05 18:15,2026-06-05 18:22,37,0.0,,,,,,
C,C3.8,2026-06-05 18:31,2026-06-05 18:54,31,0.0,30,17,7,31,31,
C,C4.7,2026-06-05 22:18,2026-06-05 22:45,57,0.0,24,20,19,23,23,
C,C2.1,2026-06-06 03:52,2026-06-06 03:59,37,0.0,0,1,,,,
C,C1.7,2026-06-06 04:10,2026-06-06 04:16,16,0.0,16,16,16,15,15,
C,C3.1,2026-06-06 06:23,2026-06-06 06:30,37,0.0,1,1,1,0,0,
C,C1.8,2026-06-06 11:49,2026-06-06 11:57,38,0.0,2,1,,1,1,
C,C8.8,2026-06-06 13:04,2026-06-06 13:18,44,0.0,6,6,4,5,5,
C,M1.8,2026-06-06 13:40,2026-06-06 14:01,42,0.0,42,42,42,15,15,
C,C2.0,2026-06-07 01:45,2026-06-07 01:53,38,0.0,2,2,,,,
C,C1.9,2026-06-07 02:21,2026-06-07 02:30,36,0.0,36,36,,36,36,
C,C1.9,2026-06-07 02:38,2026-06-07 02:43,12,0.0,12,,,,,
C,C3.3,2026-06-07 04:10,2026-06-07 04:19,39,0.0,3,3,1,3,3,
C,C1.7,2026-06-07 05:27,2026-06-07 05:33,36,0.0,,,,,,
C,C2.5,2026-06-07 05:41,2026-06-07 05:49,15,0.0,15,1,1,0,0,
C,C1.7,2026-06-07 06:36,2026-06-07 06:44,38,0.0,0,,,5,5,
C,C1.5,2026-06-07 07:55,2026-06-07 08:01,36,0.0,0,0,,0,0,
C,C2.4,2026-06-07 08:16,2026-06-07 08:26,24,0.0,24,24,1,24,24,
C,C1.6,2026-06-07 09:17,2026-06-07 09:28,41,0.0,3,3,,3,3,
C,C1.4,2026-06-07 13:21,2026-06-07 13:30,39,0.0,0,1,,1,1,
C,C1.5,2026-06-07 13:42,2026-06-07 13:45,14,0.0,14,14,,14,14,
C,C2.1,2026-06-07 13:50,2026-06-07 13:58,12,0.0,12,2,2,11,11,
C,C1.7,2026-06-07 15:41,2026-06-07 15:58,47,0.0,10,,,10,10,
C,C1.7,2026-06-07 16:40,2026-06-07 16:51,41,0.0,3,,,3,3,
C,C1.2,2026-06-07 18:55,2026-06-07 19:02,37,0.0,,,,,,
C,C1.3,2026-06-07 19:27,2026-06-07 19:33,30,0.0,30,,,30,30,
C,C3.1,2026-06-08 02:14,2026-06-08 02:28,44,0.0,6,6,5,7,7,
C,C7.2,2026-06-08 02:36,2026-06-08 02:49,20,0.0,20,20,20,20,20,
C,C1.6,2026-06-08 04:13,2026-06-08 04:21,38,0.0,1,,,0,0,
C,C4.5,2026-06-08 05:00,2026-06-08 05:10,40,0.0,2,2,2,2,2,
C,C1.5,2026-06-08 06:31,2026-06-08 06:38,37,0.0,,,,,,
C,C1.3,2026-06-08 08:21,2026-06-08 08:29,38,0.0,,,,,,
C,C1.4,2026-06-08 12:35,2026-06-08 12:41,36,0.0,1,,,,,
C,C1.3,2026-06-08 17:29,2026-06-08 17:33,34,0.0,,,,,,
C,C1.5,2026-06-10 13:17,2026-06-10 13:26,39,0.0,2,2,,28,1,
C,C6.7,2026-06-10 23:30,2026-06-11 00:02,62,0.0,25,22,21,28,28,
C,C6.2,2026-06-11 00:37,2026-06-11 00:44,37,0.0,37,37,37,,,
C,C1.2,2026-06-11 06:38,2026-06-11 06:47,39,0.0,1,2,,,,
C,C1.5,2026-06-11 08:00,2026-06-11 08:07,37,0.0,0,,,,,
C,C9.0,2026-06-11 08:22,2026-06-11 08:28,20,0.0,20,20,1,20,20,
C,C1.3,2026-06-11 11:24,2026-06-11 11:36,42,0.0,3,2,,4,4,
C,C1.1,2026-06-11 17:06,2026-06-11 17:14,38,0.0,0,,,38,0,
C,C1.1,2026-06-11 20:05,2026-06-11 20:18,43,0.0,7,,,6,6,
C,C1.5,2026-06-11 21:32,2026-06-11 21:40,38,0.0,1,,,0,0,
C,C1.0,2026-06-12 12:12,2026-06-12 12:18,36,0.0,0,0,,0,0,
C,C1.8,2026-06-13 02:00,2026-06-13 02:17,47,0.0,9,1,,11,11,
C,C2.4,2026-06-13 12:40,2026-06-13 13:09,59,0.0,20,17,12,19,19,
C,C1.5,2026-06-14 08:48,2026-06-14 08:55,37,0.0,,0,,,,
C,C1.0,2026-06-14 12:31,2026-06-14 12:36,35,0.0,16,16,,16,16,
C,C1.2,2026-06-14 12:50,2026-06-14 13:02,25,0.0,25,,,25,25,
C,C1.7,2026-06-15 01:50,2026-06-15 02:13,53,0.0,13,5,,14,5,
C,C1.0,2026-06-15 07:31,2026-06-15 07:38,37,0.0,2,,,34,1,
C,C1.7,2026-06-15 09:48,2026-06-15 09:56,38,0.0,1,1,0,1,1,
C,C1.4,2026-06-15 11:44,2026-06-15 11:52,38,0.0,3,3,,17,2,
C,C1.9,2026-06-15 18:46,2026-06-15 18:51,35,0.0,0,0,,0,0,
C,C1.6,2026-06-16 00:43,2026-06-16 00:48,35,0.0,0,0,,,,
C,C1.0,2026-06-16 15:28,2026-06-16 15:32,34,0.0,,,,,,
C,C1.0,2026-06-18 07:38,2026-06-18 07:46,38,0.0,3,1,,10,1,
C,C1.7,2026-06-18 11:42,2026-06-18 11:50,38,0.0,29,3,1,29,29,
C,C1.2,2026-06-18 21:49,2026-06-18 22:04,45,0.0,7,7,,8,8,
C,C4.2,2026-06-19 19:26,2026-06-19 19:38,42,0.0,8,8,6,6,6,
C,M1.3,2026-06-20 01:26,2026-06-20 01:51,55,0.0,19,10,10,27,27,
C,C1.4,2026-06-20 02:59,2026-06-20 03:07,38,0.0,,,,,,
C,C1.9,2026-06-20 11:15,2026-06-20 11:27,42,0.0,5,5,1,42,42,
C,C1.9,2026-06-20 12:06,2026-06-20 12:20,44,0.0,8,8,2,8,8,
C,M1.0,2026-06-20 14:50,2026-06-20 15:00,40,0.0,1,2,1,1,1,
C,C4.8,2026-06-20 21:22,2026-06-20 21:45,53,0.0,14,13,11,13,13,
C,C1.3,2026-06-20 23:01,2026-06-20 23:06,35,0.0,,,,,,
C,C1.1,2026-06-21 01:01,2026-06-21 01:06,35,0.0,0,0,,,,
C,M2.6,2026-06-21 02:25,2026-06-21 02:46,51,0.0,8,9,8,14,,
C,C1.1,2026-06-21 08:31,2026-06-21 08:38,37,0.0,0,0,,24,,
C,C2.6,2026-06-21 18:07,2026-06-21 18:18,41,0.0,3,3,3,3,3,
C,M6.8,2026-06-21 19:17,2026-06-21 19:29,42,0.0,4,4,4,2,2,
C,C2.6,2026-06-21 22:30,2026-06-21 22:34,34,0.0,0,2,34,,,
C,C3.8,2026-06-23 22:01,2026-06-23 22:24,53,1.0,15,16,17,15,15,
C,C6.0,2026-06-23 23:03,2026-06-23 23:14,41,1.0,41,16,41,12,12,
C,C8.7,2026-06-23 23:18,2026-06-23 23:25,10,1.0,10,10,10,10,10,
C,C3.5,2026-06-24 00:34,2026-06-24 01:04,60,1.0,22,18,20,22,22,
C,C1.9,2026-06-24 03:28,2026-06-24 03:40,42,1.0,7,7,4,6,6,
C,C2.7,2026-06-24 03:44,2026-06-24 03:53,12,1.0,12,3,12,2,2,
C,C2.6,2026-06-24 06:40,2026-06-24 06:51,41,1.0,10,4,5,6,6,
C,C3.5,2026-06-24 07:07,2026-06-24 07:11,19,1.0,19,19,19,19,19,
C,C1.9,2026-06-24 08:56,2026-06-24 09:03,37,1.0,0,0,0,20,20,
C,C1.8,2026-06-24 09:08,2026-06-24 09:11,7,1.0,7,7,7,6,6,
C,C1.8,2026-06-24 09:58,2026-06-24 10:03,35,1.0,33,0,,,,
C,C3.8,2026-06-24 14:28,2026-06-24 14:41,43,1.0,15,6,7,5,5,
C,C2.6,2026-06-24 16:08,2026-06-24 16:15,37,1.0,2,0,0,1,1,
C,C2.5,2026-06-24 18:32,2026-06-24 18:42,40,1.0,3,2,4,7,7,
C,C1.4,2026-06-24 20:22,2026-06-24 20:31,39,1.0,1,,,1,1,
C,C2.6,2026-06-24 22:02,2026-06-24 22:15,43,1.0,8,7,8,6,6,
C,C4.0,2026-06-25 02:37,2026-06-25 02:54,47,1.0,12,11,12,10,10,
C,C2.1,2026-06-25 05:32,2026-06-25 05:47,45,1.0,40,8,3,6,6,
C,C1.6,2026-06-25 07:57,2026-06-25 08:03,36,1.0,2,,,,,
C,C2.2,2026-06-25 08:58,2026-06-25 09:05,37,1.0,34,1,34,33,33,
C,C2.7,2026-06-25 13:27,2026-06-25 13:31,34,0.39,1,1,18,,,
C,C6.5,2026-06-25 14:53,2026-06-25 15:03,40,0.0,1,2,40,2,2,
C,C2.4,2026-06-25 21:11,2026-06-25 21:14,33,0.0,8,,0,7,7,
C,C2.0,2026-06-25 21:54,2026-06-25 22:02,38,0.0,0,1,,1,1,
C,C5.0,2026-06-25 23:35,2026-06-25 23:48,43,0.0,6,6,6,5,5,
C,C5.7,2026-06-26 12:23,2026-06-26 12:48,55,1.0,21,9,19,16,16,
C,C1.7,2026-06-26 13:46,2026-06-26 13:53,37,1.0,1,,,,,
C,C3.5,2026-06-26 13:57,2026-06-26 14:04,10,1.0,10,2,3,1,1,
C,C2.0,2026-06-26 14:52,2026-06-26 15:01,39,1.0,3,3,1,2,2,
C,C2.4,2026-06-26 20:12,2026-06-26 20:21,39,1.0,3,2,2,2,2,
C,C2.3,2026-06-27 06:22,2026-06-27 06:26,34,1.0,,,,,,
C,C2.1,2026-06-27 06:48,2026-06-27 06:54,27,1.0,27,27,27,26,26,
C,C2.2,2026-06-27 07:17,2026-06-27 07:27,32,1.0,32,,32,31,31,
C,C3.9,2026-06-27 09:08,2026-06-27 09:23,45,1.0,7,37,44,6,6,
C,C3.1,2026-06-27 10:46,2026-06-27 10:53,37,1.0,0,0,0,,,
C,C2.9,2026-06-27 12:15,2026-06-27 12:22,37,1.0,,1,6,1,1,
C,C1.9,2026-06-27 15:09,2026-06-27 15:16,37,1.0,1,,,0,0,
C,C7.4,2026-06-27 20:53,2026-06-27 21:02,39,1.0,3,4,39,1,1,
C,C7.4,2026-06-27 21:06,2026-06-27 21:11,8,1.0,8,8,8,,,
C,C4.1,2026-06-28 01:44,2026-06-28 01:55,41,1.0,3,3,3,0,0,
C,C2.3,2026-06-28 06:46,2026-06-28 06:54,38,1.0,2,1,0,0,0,
C,C2.2,2026-06-28 07:03,2026-06-28 07:07,12,1.0,12,12,12,12,12,
C,C2.7,2026-06-28 15:01,2026-06-28 15:09,38,1.0,2,1,1,0,0,
C,C2.8,2026-06-28 20:38,2026-06-28 20:46,38,1.0,1,0,1,0,0,
C,C3.3,2026-06-28 20:50,2026-06-28 20:59,12,1.0,12,12,12,12,12,
C,C9.5,2026-06-28 21:18,2026-06-28 21:44,44,1.0,44,20,44,19,19,
C,C8.7,2026-06-28 21:55,2026-06-28 21:59,14,1.0,14,14,14,14,14,
C,C5.1,2026-06-29 00:32,2026-06-29 00:41,39,1.0,30,6,6,4,4,
C,C3.1,2026-06-29 02:26,2026-06-29 02:32,36,1.0,2,1,2,0,0,
C,C3.0,2026-06-29 02:43,2026-06-29 02:50,17,1.0,17,17,17,17,17,
C,C4.8,2026-06-29 03:07,2026-06-29 03:17,26,1.0,26,26,26,26,26,
C,C4.1,2026-06-29 03:22,2026-06-29 03:40,22,1.0,22,22,22,,,
C,C4.4,2026-06-29 03:51,2026-06-29 03:53,12,1.0,12,,12,,,
C,C6.5,2026-06-29 07:40,2026-06-29 07:58,48,1.0,13,12,14,11,11,
C,C8.1,2026-06-29 08:06,2026-06-29 08:28,29,1.0,29,29,29,29,29,
C,C2.1,2026-06-29 11:20,2026-06-29 11:25,35,1.0,,,,,,
C,C1.9,2026-06-29 12:08,2026-06-29 12:12,34,1.0,1,,,,,
C,C2.5,2026-06-29 12:29,2026-06-29 12:34,21,1.0,20,0,0,21,21,
C,C3.5,2026-06-29 17:21,2026-06-29 17:30,39,1.0,1,1,3,0,0,
C,C6.1,2026-06-29 17:32,2026-06-29 17:40,9,1.0,9,9,9,9,9,
C,C3.0,2026-06-29 19:28,2026-06-29 19:33,35,1.0,7,1,7,1,1,
C,C4.4,2026-06-29 19:43,2026-06-29 19:47,13,1.0,13,13,13,,,
C,C3.7,2026-06-29 20:24,2026-06-29 20:34,40,1.0,0,4,40,4,4,
C,C5.6,2026-06-29 20:56,2026-06-29 21:00,25,1.0,25,25,25,,,
C,M1.4,2026-06-29 21:13,2026-06-29 21:40,39,1.0,39,39,39,38,38,
C,C2.8,2026-06-29 23:47,2026-06-29 23:53,36,1.0,0,1,1,,,
C,M1.3,2026-06-30 00:39,2026-06-30 01:16,67,1.0,30,30,31,29,29,
C,C3.2,2026-06-30 03:11,2026-06-30 03:19,38,1.0,2,3,38,1,1,
C,C3.8,2026-06-30 06:17,2026-06-30 06:33,46,1.0,10,8,9,7,7,
C,C2.8,2026-06-30 09:11,2026-06-30 09:20,39,1.0,4,3,4,3,3,
C,C3.3,2026-06-30 09:32,2026-06-30 09:36,15,1.0,15,15,15,15,15,
C,C4.3,2026-06-30 12:20,2026-06-30 12:34,44,0.94,6,6,7,5,5,
C,M5.8,2026-06-30 12:37,2026-06-30 12:57,22,0.91,22,22,22,22,22,
C,C3.2,2026-06-30 16:23,2026-06-30 16:26,33,1.0,,,33,,,
C,C5.7,2026-06-30 16:39,2026-06-30 16:47,20,1.0,20,20,20,19,19,
C,C5.0,2026-06-30 17:14,2026-06-30 17:26,38,1.0,38,38,38,38,38,
C,C4.8,2026-06-30 18:31,2026-06-30 18:48,47,1.0,18,18,18,17,17,
C,C9.1,2026-06-30 19:49,2026-06-30 19:58,39,1.0,6,6,39,2,2,
C,X1.1,2026-06-30 20:34,2026-06-30 20:50,46,1.0,9,10,46,7,7,
C,C5.1,2026-06-30 23:06,2026-06-30 23:18,42,1.0,6,6,42,5,5,
C,C7.6,2026-07-01 04:41,2026-07-01 04:56,45,1.0,45,45,45,7,7,
C,M1.1,2026-07-01 06:19,2026-07-01 06:27,38,1.0,22,21,33,3,3,
C,M1.0,2026-07-01 06:37,2026-07-01 06:43,15,1.0,15,15,15,0,0,
C,M1.5,2026-07-01 07:28,2026-07-01 07:35,37,1.0,4,3,37,2,2,
C,M2.5,2026-07-01 08:07,2026-07-01 08:17,40,1.0,40,40,40,1,1,
C,C4.3,2026-07-01 08:45,2026-07-01 08:54,36,1.0,36,36,36,36,36,
C,M1.3,2026-07-01 10:04,2026-07-01 10:08,34,1.0,22,22,34,,,
C,M1.1,2026-07-01 14:22,2026-07-01 14:31,39,1.0,4,39,39,1,1,
C,M2.6,2026-07-01 14:39,2026-07-01 14:54,22,1.0,22,22,22,22,22,
C,C8.2,2026-07-01 17:05,2026-07-01 17:12,37,1.0,0,0,37,,,
C,M3.5,2026-07-01 18:44,2026-07-01 19:43,89,1.0,65,66,89,64,64,
C,M1.8,2026-07-01 20:15,2026-07-01 20:22,37,1.0,37,37,37,,,
C,M8.5,2026-07-01 22:57,2026-07-01 23:09,42,1.0,4,33,42,3,3,
C,M1.1,2026-07-01 23:49,2026-07-02 00:02,43,1.0,5,43,43,4,4,
C,M4.2,2026-07-02 01:37,2026-07-02 01:56,49,1.0,32,33,49,12,12,
C,C8.6,2026-07-02 04:07,2026-07-02 04:15,38,1.0,24,24,38,2,2,
C,C8.5,2026-07-02 04:55,2026-07-02 05:01,36,1.0,2,3,36,0,0,
C,C5.6,2026-07-02 06:02,2026-07-02 06:09,37,1.0,2,0,37,,,
C,C6.3,2026-07-02 07:14,2026-07-02 07:22,38,1.0,3,4,38,1,1,
C,M2.8,2026-07-02 10:21,2026-07-02 10:26,35,1.0,35,35,35,,,
C,M1.2,2026-07-02 23:03,2026-07-02 23:12,39,1.0,7,8,39,5,5,
C,C4.3,2026-07-03 00:41,2026-07-03 00:47,36,1.0,4,4,36,,,
C,C4.1,2026-07-03 02:21,2026-07-03 02:35,44,1.0,42,7,42,6,6,
C,C4.3,2026-07-03 02:41,2026-07-03 02:48,12,1.0,12,12,12,12,12,
C,M1.4,2026-07-03 13:03,2026-07-03 13:13,40,0.91,26,39,40,2,2,
C,C5.7,2026-07-03 14:16,2026-07-03 14:24,38,0.95,1,6,38,1,1,
C,C6.3,2026-07-03 14:26,2026-07-03 14:33,8,1.0,8,8,8,8,8,
C,C5.8,2026-07-03 14:56,2026-07-03 15:01,27,1.0,27,27,27,,,
C,C6.5,2026-07-03 16:32,2026-07-03 16:51,49,1.0,14,15,49,11,11,
C,C6.3,2026-07-03 17:31,2026-07-03 17:36,35,1.0,35,11,35,,,
C,M6.7,2026-07-03 17:49,2026-07-03 18:11,34,1.0,34,34,34,34,34,
C,M6.3,2026-07-03 18:57,2026-07-03 18:59,32,1.0,32,32,32,,,
C,M1.5,2026-07-03 19:59,2026-07-03 20:08,39,0.99,2,39,39,1,1,
C,C8.4,2026-07-03 22:27,2026-07-03 22:35,38,1.0,4,28,38,2,2,
C,M2.0,2026-07-03 23:50,2026-07-04 00:00,40,1.0,3,5,40,3,3,
C,M2.3,2026-07-04 00:13,2026-07-04 00:23,22,1.0,22,22,22,22,22,
C,M2.1,2026-07-04 00:59,2026-07-04 01:13,44,1.0,44,44,44,6,6,
C,M1.2,2026-07-04 01:52,2026-07-04 02:01,39,1.0,4,39,39,3,3,
C,M3.7,2026-07-04 03:21,2026-07-04 03:32,41,1.0,41,41,41,34,34,
C,M1.3,2026-07-04 05:04,2026-07-04 05:15,41,1.0,32,32,41,25,25,
C,C9.5,2026-07-04 05:43,2026-07-04 05:52,36,1.0,36,36,36,36,36,
C,C7.4,2026-07-04 06:12,2026-07-04 06:20,27,1.0,27,27,27,27,27,
C,C5.3,2026-07-04 07:26,2026-07-04 07:42,46,1.0,44,44,46,8,8,
C,M1.8,2026-07-04 07:48,2026-07-04 08:07,24,1.0,24,24,24,7,7,
C,M1.0,2026-07-04 08:41,2026-07-04 08:52,41,1.0,41,41,41,3,3,
C,M3.2,2026-07-04 11:04,2026-07-04 11:12,38,1.0,4,38,38,3,3,
C,M3.2,2026-07-04 13:41,2026-07-04 13:51,40,0.99,6,21,40,4,4,
C,C8.3,2026-07-04 14:26,2026-07-04 14:30,34,1.0,34,34,34,,,
C,C8.4,2026-07-04 14:35,2026-07-04 14:38,7,1.0,7,7,7,,,
C,C8.0,2026-07-04 15:26,2026-07-04 15:34,38,1.0,1,20,38,0,0,
C,M1.1,2026-07-04 16:02,2026-07-04 16:06,31,1.0,31,31,31,31,31,
C,C7.5,2026-07-04 16:56,2026-07-04 17:02,36,1.0,,33,36,,,
C,M1.9,2026-07-04 18:37,2026-07-04 18:48,41,0.99,7,7,41,5,5,
C,M1.5,2026-07-04 19:23,2026-07-04 19:36,43,0.99,43,43,43,8,8,
C,X1.2,2026-07-04 20:29,2026-07-04 20:41,42,0.99,5,42,42,3,3,
C,M1.1,2026-07-04 22:16,2026-07-04 22:24,38,0.96,1,38,38,,,
C,C9.3,2026-07-04 23:32,2026-07-04 23:41,39,0.97,4,6,39,2,2,
C,M1.3,2026-07-05 00:24,2026-07-05 00:31,37,0.98,2,37,37,0,0,
C,C8.3,2026-07-05 01:09,2026-07-05 01:21,42,1.0,0,42,42,4,4,
C,C4.1,2026-07-05 03:16,2026-07-05 03:24,38,0.42,3,3,38,2,2,
C,M1.3,2026-07-05 04:19,2026-07-05 04:32,43,0.44,6,42,43,5,5,
C,M1.0,2026-07-05 04:41,2026-07-05 04:47,14,0.46,14,14,14,0,0,
C,M2.7,2026-07-05 05:21,2026-07-05 05:39,48,0.47,48,48,48,7,7,
C,C7.8,2026-07-05 06:10,2026-07-05 06:19,39,0.51,39,39,39,39,39,
C,C7.7,2026-07-05 07:11,2026-07-05 07:15,34,0.76,1,1,34,,,
C,C9.9,2026-07-05 07:21,2026-07-05 07:26,10,0.8,10,10,10,9,9,
C,C4.2,2026-07-05 08:20,2026-07-05 08:26,36,0.77,,32,36,,,
C,C5.7,2026-07-05 08:49,2026-07-05 08:59,32,0.77,32,32,32,32,32,
C,C6.0,2026-07-05 09:15,2026-07-05 09:26,26,0.79,26,26,26,26,26,
C,C5.2,2026-07-05 10:41,2026-07-05 10:53,42,0.81,6,42,42,4,4,
C,M1.4,2026-07-05 10:56,2026-07-05 11:00,6,0.81,6,6,6,,,
C,C9.9,2026-07-05 11:04,2026-07-05 11:10,9,0.82,9,9,9,8,8,
C,C9.5,2026-07-05 11:53,2026-07-05 12:01,38,0.83,38,38,38,2,2,
C,C8.1,2026-07-05 12:52,2026-07-05 12:58,36,0.88,33,34,36,,,
C,C4.2,2026-07-05 14:17,2026-07-05 14:23,36,0.96,1,1,36,0,0,
C,C4.9,2026-07-05 14:28,2026-07-05 14:35,11,1.0,11,11,11,11,11,
C,C6.9,2026-07-05 15:05,2026-07-05 15:20,44,1.0,44,44,44,44,44,
C,C7.4,2026-07-05 15:33,2026-07-05 15:44,23,1.0,23,23,23,23,23,
C,M1.4,2026-07-05 16:21,2026-07-05 16:32,41,1.0,8,41,41,5,5,
C,M1.4,2026-07-05 16:41,2026-07-05 16:45,12,1.0,12,12,12,12,12,
C,C5.0,2026-07-05 17:35,2026-07-05 17:40,35,1.0,0,1,35,,,
C,M5.3,2026-07-05 17:51,2026-07-05 17:57,16,1.0,16,16,16,16,16,
C,M1.4,2026-07-05 18:56,2026-07-05 19:07,41,1.0,4,31,41,2,2,
C,C7.3,2026-07-05 20:07,2026-07-05 20:17,40,1.0,6,6,40,4,4,
C,M1.0,2026-07-05 21:14,2026-07-05 21:22,38,1.0,3,3,38,2,2,
C,C9.5,2026-07-05 21:38,2026-07-05 21:42,19,1.0,19,19,19,19,19,
C,C5.9,2026-07-06 00:35,2026-07-06 00:44,39,1.0,34,33,39,1,1,
C,C9.6,2026-07-06 01:57,2026-07-06 02:21,54,1.0,19,19,54,17,17,
C,C6.1,2026-07-06 04:55,2026-07-06 05:11,46,1.0,11,11,46,8,8,
C,C3.8,2026-07-06 18:25,2026-07-06 18:40,45,1.0,10,9,45,7,7,
C,C3.7,2026-07-06 18:53,2026-07-06 18:56,15,1.0,15,,15,,,
C,C1.8,2026-07-07 03:32,2026-07-07 03:40,38,1.0,2,1,,1,1,
C,C1.6,2026-07-07 12:02,2026-07-07 12:12,40,1.0,3,,,,,
C,M4.0,2026-07-07 14:09,2026-07-07 14:19,40,1.0,2,2,2,,,
C,C1.8,2026-07-07 22:40,2026-07-07 22:49,39,1.0,1,0,,,,
C,C1.1,2026-07-08 07:32,2026-07-08 07:41,39,1.0,2,1,,,,
C,C2.1,2026-07-08 09:40,2026-07-08 09:55,45,1.0,8,5,2,7,7,
C,C1.0,2026-07-08 11:20,2026-07-08 11:25,35,1.0,,,,,,
C,M1.5,2026-07-08 17:49,2026-07-08 17:56,37,1.0,2,2,2,1,1,
C,M1.1,2026-07-09 02:17,2026-07-09 02:27,40,1.0,1,1,1,,,
C,C2.7,2026-07-09 06:51,2026-07-09 07:13,52,1.0,14,12,10,22,14,
C,C6.0,2026-07-10 14:33,2026-07-10 14:59,56,1.0,20,18,15,19,19,
C,C1.0,2026-07-11 03:32,2026-07-11 03:37,35,1.0,0,0,,,,
C,C1.0,2026-07-11 13:13,2026-07-11 13:27,44,1.0,6,6,,7,,
C,C1.0,2026-07-11 20:02,2026-07-11 20:13,41,1.0,5,,,3,3,
C,C6.0,2026-07-12 00:28,2026-07-12 00:57,59,1.0,21,16,15,22,,
C,M1.1,2026-07-12 07:17,2026-07-12 08:11,84,1.0,46,45,44,44,44,
C,C2.6,2026-07-12 13:46,2026-07-12 13:58,42,1.0,4,3,2,18,3,
C,C1.0,2026-07-12 15:23,2026-07-12 15:32,39,1.0,0,,,1,1,
C,C1.0,2026-07-12 15:36,2026-07-12 15:40,7,1.0,7,7,,7,7,
C,C1.2,2026-07-12 22:48,2026-07-12 23:08,50,1.0,13,,,11,11,
C,C1.5,2026-07-13 17:33,2026-07-13 17:47,44,1.0,6,5,,5,5,
C,C1.3,2026-07-13 18:15,2026-07-13 18:22,34,1.0,34,1,,34,34,
C,C1.5,2026-07-14 09:49,2026-07-14 09:56,37,1.0,0,0,,,,
C,C1.2,2026-07-15 02:38,2026-07-15 03:12,64,1.0,29,,,26,15,
C,C3.3,2026-07-15 08:35,2026-07-15 08:46,41,1.0,6,6,5,4,4,
C,C1.5,2026-07-15 18:03,2026-07-15 18:14,41,1.0,2,2,,5,,
C,C8.9,2026-07-15 20:46,2026-07-15 21:55,99,1.0,62,59,59,59,59,
C,C5.2,2026-07-16 21:19,2026-07-16 21:35,46,1.0,8,8,6,19,6,
C,C1.4,2026-07-16 23:40,2026-07-16 23:48,38,1.0,2,,,,,
C,C1.6,2026-07-16 23:51,2026-07-17 00:02,13,1.0,13,,0,13,13,
C,C2.3,2026-07-18 03:56,2026-07-18 04:05,39,1.0,21,3,1,20,20,
C,C1.5,2026-07-18 21:39,2026-07-18 21:52,43,1.0,6,5,,5,5,
C,C1.3,2026-07-19 18:25,2026-07-19 18:44,49,0.0,9,,,11,11,
C,C1.8,2026-07-19 18:48,2026-07-19 19:11,26,0.0,26,,5,3,3,
C,C2.1,2026-07-20 07:39,2026-07-20 07:46,37,1.0,2,1,0,0,0,
C,C1.7,2026-07-20 08:34,2026-07-20 08:40,36,1.0,0,0,,0,0,
C,C1.6,2026-07-20 12:09,2026-07-20 12:15,36,1.0,33,,,,,
C,C2.9,2026-07-20 12:20,2026-07-20 12:40,24,1.0,24,24,15,15,15,
C,M2.5,2026-07-20 14:29,2026-07-20 14:36,37,1.0,2,2,37,0,0,
C,C7.1,2026-07-20 15:16,2026-07-20 15:20,34,1.0,1,34,34,,,
C,C3.2,2026-07-20 17:12,2026-07-20 17:17,35,1.0,13,2,2,12,12,
C,M1.1,2026-07-20 19:08,2026-07-20 19:20,42,1.0,2,3,3,4,4,
C,C2.9,2026-07-20 21:31,2026-07-20 21:41,40,1.0,4,3,3,2,2,
C,M3.4,2026-07-20 22:15,2026-07-20 22:25,40,1.0,40,4,40,4,4,
C,C7.6,2026-07-20 23:17,2026-07-20 23:24,37,1.0,9,9,37,8,8,
C,C2.4,2026-07-21 00:15,2026-07-21 00:20,35,1.0,1,1,35,0,0,
C,C6.5,2026-07-21 00:38,2026-07-21 00:51,30,1.0,30,30,30,5,5,
C,C2.6,2026-07-21 01:20,2026-07-21 01:29,37,1.0,37,37,37,37,37,
C,C2.5,2026-07-21 01:48,2026-07-21 01:58,28,1.0,28,28,28,,,
C,C4.3,2026-07-21 03:47,2026-07-21 04:05,48,1.0,12,12,12,11,11,
C,C7.6,2026-07-21 09:35,2026-07-21 09:56,51,1.0,13,13,15,13,13,
C,C4.0,2026-07-21 11:36,2026-07-21 11:42,36,1.0,1,1,1,0,0,
C,C5.0,2026-07-21 14:03,2026-07-21 14:14,41,1.0,4,5,41,4,4,
C,C3.1,2026-07-21 14:31,2026-07-21 14:38,23,1.0,23,23,23,23,23,
C,C3.4,2026-07-21 14:43,2026-07-21 14:57,18,1.0,18,18,18,18,18,
C,C5.0,2026-07-21 16:05,2026-07-21 16:08,33,1.0,,33,33,,,
C,C3.2,2026-07-21 17:02,2026-07-21 17:07,35,1.0,1,1,35,,,
C,M1.8,2026-07-21 17:16,2026-07-21 17:27,19,1.0,19,19,19,19,19,
C,C2.9,2026-07-21 19:16,2026-07-21 19:24,38,1.0,1,38,38,0,0,
C,C3.1,2026-07-21 20:27,2026-07-21 20:33,36,1.0,7,0,26,,,
C,C1.5,2026-07-21 22:03,2026-07-21 22:10,37,1.0,3,,,1,1,
C,C2.0,2026-07-21 22:31,2026-07-21 22:40,29,1.0,29,3,2,29,29,
C,C2.4,2026-07-21 22:51,2026-07-21 22:55,14,1.0,14,14,14,14,14,
C,C2.4,2026-07-22 00:02,2026-07-22 00:11,39,1.0,1,1,1,,,
C,C2.6,2026-07-22 01:02,2026-07-22 01:06,34,1.0,32,,,,,
C,C1.4,2026-07-22 03:14,2026-07-22 03:23,39,1.0,3,,,1,1,
C,C6.8,2026-07-22 03:32,2026-07-22 03:38,14,1.0,14,2,2,14,14,
C,M3.5,2026-07-22 06:27,2026-07-22 06:35,38,1.0,2,2,2,1,1,
C,C3.0,2026-07-22 12:09,2026-07-22 12:18,39,0.97,2,2,0,1,1,
C,C3.3,2026-07-22 15:46,2026-07-22 15:53,37,1.0,0,0,0,,,
C,C5.4,2026-07-22 18:42,2026-07-22 18:51,39,1.0,1,1,0,,,
C,C1.7,2026-07-23 02:49,2026-07-23 02:53,34,1.0,1,0,,,,
C,C1.5,2026-07-23 03:03,2026-07-23 03:12,18,1.0,18,18,,18,18,
C,C2.0,2026-07-23 03:14,2026-07-23 03:18,5,1.0,5,5,0,5,5,
C,C5.3,2026-07-23 03:24,2026-07-23 03:27,8,1.0,8,7,8,7,7,
C,C1.3,2026-07-23 06:38,2026-07-23 06:44,36,1.0,,,,,,
C,C1.3,2026-07-23 09:57,2026-07-23 10:02,35,1.0,1,0,,0,0,
C,C1.8,2026-07-23 16:45,2026-07-23 16:52,37,1.0,0,0,0,0,0,
C,C2.6,2026-07-24 20:52,2026-07-24 21:05,43,1.0,6,6,5,6,6,
C,C3.0,2026-07-24 21:46,2026-07-24 22:03,47,1.0,9,9,9,9,9,
C,C1.8,2026-07-25 01:30,2026-07-25 01:41,41,1.0,5,1,0,1,1,
C,C2.0,2026-07-25 03:44,2026-07-25 03:51,37,1.0,2,1,1,1,1,
C,C1.9,2026-07-25 05:36,2026-07-25 05:44,38,1.0,2,1,,,,
C,C1.6,2026-07-25 21:23,2026-07-25 21:36,43,1.0,40,,,37,37,
C,C1.5,2026-07-26 03:00,2026-07-26 03:10,40,1.0,2,,,4,4,
C,C1.5,2026-07-26 03:14,2026-07-26 03:23,12,1.0,12,,,12,12,
C,C2.0,2026-07-26 05:18,2026-07-26 05:25,37,1.0,0,0,,,,
C,C4.2,2026-07-26 07:25,2026-07-26 07:31,36,1.0,0,0,0,0,0,
C,C1.9,2026-07-26 10:05,2026-07-26 10:14,39,1.0,2,1,,2,2,
C,C1.6,2026-07-26 13:48,2026-07-26 13:57,39,0.91,2,,,1,1,
C,C1.4,2026-07-26 14:04,2026-07-26 14:09,11,0.94,11,,,11,11,
C,M3.2,2026-07-26 15:17,2026-07-26 15:28,41,1.0,3,3,2,2,2,
C,M1.0,2026-07-27 02:32,2026-07-27 02:43,41,1.0,3,3,3,1,1,
C,C1.5,2026-07-27 13:36,2026-07-27 13:42,36,0.99,1,,,,,
C,C2.8,2026-07-27 17:13,2026-07-27 17:25,42,1.0,4,4,3,3,3,
C,C3.7,2026-07-27 19:35,2026-07-27 19:48,43,1.0,5,5,4,4,4,
C,C3.3,2026-07-27 22:33,2026-07-27 22:44,41,1.0,2,2,1,3,3,
C,C3.5,2026-07-27 22:51,2026-07-27 22:59,14,1.0,14,14,14,14,14,
C,C1.7,2026-07-28 02:08,2026-07-28 02:15,37,1.0,1,0,,0,0,
C,C5.1,2026-07-28 03:07,2026-07-28 03:19,42,1.0,4,4,3,3,3,
C,C1.4,2026-07-28 11:13,2026-07-28 11:20,37,1.0,0,,,,,
C,C1.5,2026-07-28 17:40,2026-07-28 17:47,37,1.0,0,0,,,,
C,C1.7,2026-07-28 23:36,2026-07-28 23:45,39,1.0,1,,,35,35,
C,C1.6,2026-07-29 00:19,2026-07-29 00:22,33,1.0,33,,,,,
C,C1.2,2026-07-29 04:31,2026-07-29 04:38,37,1.0,0,,,0,0,
C,C1.6,2026-07-29 16:10,2026-07-29 16:19,39,1.0,2,2,,2,2,
C,C1.3,2026-07-29 17:19,2026-07-29 17:24,35,1.0,0,,,,,
C,C3.8,2026-07-30 05:44,2026-07-30 06:06,52,1.0,14,13,11,15,15,
C,M1.9,2026-07-30 15:53,2026-07-30 17:00,97,0.98,65,63,69,97,97,
C,C1.8,2026-07-31 01:21,2026-07-31 01:29,38,1.0,3,1,,1,1,
C,C2.3,2026-07-31 02:31,2026-07-31 02:39,38,1.0,1,1,2,0,0,
C,C3.1,2026-07-31 03:05,2026-07-31 03:16,36,1.0,36,5,36,36,36,
C,C2.4,2026-07-31 06:41,2026-07-31 06:47,36,1.0,3,36,36,35,35,
C,C1.4,2026-07-31 08:25,2026-07-31 08:34,39,1.0,2,1,,0,0,
C,C2.3,2026-07-31 11:09,2026-07-31 11:19,40,1.0,7,6,2,5,5,
C,C2.5,2026-07-31 11:36,2026-07-31 11:41,21,1.0,21,21,21,,,
C,C3.9,2026-07-31 11:43,2026-07-31 11:47,5,1.0,5,5,5,5,5,
C,C1.7,2026-07-31 13:47,2026-07-31 13:57,40,1.0,2,1,,1,1,
C,C1.6,2026-07-31 18:03,2026-07-31 18:13,40,1.0,4,3,,2,2,
C,C1.1,2026-08-01 02:22,2026-08-01 02:26,34,1.0,0,,,,,
C,C1.0,2026-08-01 13:24,2026-08-01 13:30,36,1.0,,,,,,
C,C2.0,2026-08-01 20:02,2026-08-01 20:11,39,1.0,2,2,1,2,2,
C,C1.9,2026-08-01 20:20,2026-08-01 20:26,14,1.0,14,14,14,14,14,
C,C2.5,2026-08-01 22:29,2026-08-01 22:40,41,1.0,4,3,2,3,3,
C,C4.0,2026-08-02 00:20,2026-08-02 00:33,43,1.0,6,5,4,4,4,
C,C1.6,2026-08-02 01:55,2026-08-02 02:02,37,1.0,3,3,,1,1,
C,C6.3,2026-08-02 05:19,2026-08-02 05:35,46,1.0,7,7,3,6,6,
C,C1.4,2026-08-03 11:28,2026-08-03 11:33,35,1.0,0,,,,,
C,C1.2,2026-08-04 11:52,2026-08-04 11:58,36,1.0,0,0,,,,
C,C1.0,2026-08-04 14:02,2026-08-04 14:08,36,1.0,,,,,,
C,C1.1,2026-08-04 15:26,2026-08-04 15:34,38,1.0,,,,,,
C,C1.6,2026-08-05 05:56,2026-08-05 06:22,56,1.0,18,18,,21,10,
C,C1.0,2026-08-06 19:21,2026-08-06 19:29,38,1.0,1,2,,20,,
C,C1.1,2026-08-09 15:25,2026-08-09 15:48,53,1.0,41,41,,41,41,
C,C1.8,2026-08-09 16:30,2026-08-09 16:40,40,1.0,2,2,1,0,0,
C,C1.0,2026-08-09 17:43,2026-08-09 17:56,43,1.0,1,1,,6,0,
C,C1.1,2026-08-09 18:01,2026-08-09 18:06,9,1.0,9,9,,9,9,
C,C1.2,2026-08-09 20:26,2026-08-09 20:37,41,1.0,3,3,,18,2,
C,C1.0,2026-08-09 20:46,2026-08-09 20:53,15,1.0,15,15,,15,15,
C,C4.0,2026-08-14 06:38,2026-08-14 07:01,53,1.0,15,14,11,14,14,
C,C1.5,2026-08-14 09:44,2026-08-14 09:53,39,1.0,1,1,,0,0,
C,C1.0,2026-08-14 11:33,2026-08-14 11:42,39,1.0,2,2,,0,0,
C,C4.3,2026-08-14 21:45,2026-08-14 21:55,40,1.0,2,2,1,,,
C,C1.2,2026-08-15 00:25,2026-08-15 00:33,38,1.0,2,2,,1,1,
C,C3.3,2026-08-15 08:09,2026-08-15 08:18,39,1.0,38,38,0,37,0,
C,C1.0,2026-08-15 09:21,2026-08-15 09:28,37,1.0,0,0,,1,,
C,C2.0,2026-08-15 13:30,2026-08-15 13:39,39,1.0,1,1,0,0,0,
C,C3.2,2026-08-15 14:38,2026-08-15 14:49,41,1.0,4,4,3,3,3,
C,C1.0,2026-08-18 05:49,2026-08-18 05:52,33,1.0,,,,,,
C,C3.9,2026-08-18 06:40,2026-08-18 06:43,33,1.0,0,0,0,,,
C,C1.7,2026-08-18 07:00,2026-08-18 07:07,23,1.0,23,23,23,,,
C,C2.0,2026-08-18 19:51,2026-08-18 19:56,35,1.0,0,0,0,,,
C,C2.3,2026-08-18 22:38,2026-08-18 22:43,35,1.0,0,0,14,,,
C,C2.8,2026-08-18 23:28,2026-08-18 23:40,42,1.0,6,5,5,4,4,
C,C3.9,2026-08-19 00:06,2026-08-19 00:37,56,1.0,56,25,56,24,24,
C,C2.0,2026-08-19 02:27,2026-08-19 02:31,34,1.0,0,0,0,,,
C,C3.9,2026-08-19 02:51,2026-08-19 02:56,24,1.0,24,24,24,,,
C,C3.0,2026-08-19 03:30,2026-08-19 03:46,46,1.0,9,9,46,8,8,
C,C5.0,2026-08-19 04:45,2026-08-19 04:54,39,1.0,6,5,6,4,4,
C,C1.3,2026-08-19 06:31,2026-08-19 06:36,35,1.0,1,0,,0,0,
C,C2.7,2026-08-19 08:30,2026-08-19 08:44,44,1.0,6,5,5,5,5,
C,C2.0,2026-08-19 09:01,2026-08-19 09:09,24,1.0,24,24,24,,,
C,C1.3,2026-08-19 11:01,2026-08-19 11:05,34,1.0,,,,,,
C,C1.5,2026-08-19 11:29,2026-08-19 11:36,30,1.0,30,3,,29,29,
C,C1.3,2026-08-19 12:28,2026-08-19 12:31,33,1.0,15,15,,,,
C,C4.9,2026-08-19 13:27,2026-08-19 13:39,42,1.0,4,3,3,4,4,
C,C3.6,2026-08-19 14:02,2026-08-19 14:07,27,1.0,27,27,27,27,27,
C,C5.7,2026-08-19 15:09,2026-08-19 15:17,38,1.0,1,1,29,,,
C,C3.4,2026-08-19 16:33,2026-08-19 16:38,35,1.0,2,32,35,31,31,
C,C2.5,2026-08-19 17:12,2026-08-19 17:17,35,1.0,35,1,35,0,0,
C,M1.0,2026-08-19 18:24,2026-08-19 18:51,57,1.0,20,21,57,19,19,
C,C1.7,2026-08-19 21:51,2026-08-19 22:00,39,1.0,2,1,0,1,1,
C,C2.0,2026-08-19 23:46,2026-08-19 23:54,38,1.0,4,2,1,1,1,
C,C1.7,2026-08-20 00:41,2026-08-20 00:49,38,1.0,2,1,1,1,1,
C,C2.0,2026-08-20 01:00,2026-08-20 01:04,14,1.0,14,1,14,14,14,
C,C1.5,2026-08-20 03:36,2026-08-20 03:43,37,1.0,0,,,,,
C,C3.3,2026-08-20 03:59,2026-08-20 04:08,24,1.0,24,24,0,24,24,
C,C3.1,2026-08-20 04:37,2026-08-20 04:49,40,1.0,40,40,40,39,39,
C,C1.5,2026-08-20 06:27,2026-08-20 06:31,34,1.0,,,,,,
C,M1.8,2026-08-20 07:30,2026-08-20 08:05,65,1.0,55,26,25,26,26,
C,C2.4,2026-08-20 10:12,2026-08-20 10:19,37,1.0,0,1,1,0,0,
C,C8.0,2026-08-20 11:19,2026-08-20 11:29,40,1.0,4,3,3,2,2,
C,M8.1,2026-08-20 11:32,2026-08-20 11:42,12,1.0,12,12,12,12,12,
C,M2.9,2026-08-20 15:51,2026-08-20 16:11,50,1.0,37,14,14,12,12,
C,C2.4,2026-08-20 17:17,2026-08-20 17:22,35,1.0,1,0,35,,,
C,C2.6,2026-08-20 17:45,2026-08-20 17:52,29,1.0,29,29,29,29,29,
C,C1.8,2026-08-20 19:39,2026-08-20 19:54,45,1.0,10,8,4,9,9,
C,C2.0,2026-08-20 20:03,2026-08-20 20:08,13,1.0,13,,13,13,13,
C,C2.7,2026-08-20 20:58,2026-08-20 21:08,40,1.0,2,2,2,2,2,
C,C1.5,2026-08-20 22:30,2026-08-20 22:34,34,1.0,1,0,,,,
C,C3.5,2026-08-20 23:34,2026-08-20 23:44,40,1.0,3,2,2,1,1,
C,C2.4,2026-08-21 00:13,2026-08-21 00:25,40,1.0,40,40,40,4,4,
C,C4.1,2026-08-21 01:37,2026-08-21 02:01,54,1.0,19,18,18,36,36,
C,C6.7,2026-08-21 02:06,2026-08-21 02:20,18,1.0,18,18,18,8,8,
C,C1.3,2026-08-21 03:47,2026-08-21 03:52,35,1.0,0,,,25,25,
C,C1.5,2026-08-21 05:02,2026-08-21 05:09,37,1.0,2,1,,0,0,
C,C1.8,2026-08-21 05:39,2026-08-21 05:52,42,1.0,42,42,0,5,5,
C,C6.2,2026-08-21 06:26,2026-08-21 06:35,39,1.0,39,4,4,2,2,
C,C1.9,2026-08-21 07:04,2026-08-21 07:12,36,1.0,36,36,36,0,0,
C,C2.1,2026-08-21 07:27,2026-08-21 07:32,19,1.0,2,1,19,19,19,
C,M1.6,2026-08-21 09:09,2026-08-21 09:57,78,1.0,40,39,39,46,46,
C,M1.6,2026-08-21 10:09,2026-08-21 10:18,20,1.0,20,20,20,20,20,
C,C3.4,2026-08-21 17:45,2026-08-21 17:53,38,1.0,1,1,2,1,1,
C,C2.1,2026-08-21 18:25,2026-08-21 18:32,37,1.0,37,37,37,0,0,
C,C4.0,2026-08-21 20:45,2026-08-21 20:59,44,1.0,39,5,5,38,38,
C,C1.4,2026-08-22 18:14,2026-08-22 18:23,39,1.0,4,2,,14,14,
C,C1.1,2026-08-23 04:23,2026-08-23 04:32,39,1.0,2,,,1,1,
C,C1.1,2026-08-23 04:57,2026-08-23 05:05,32,1.0,32,,,32,32,
C,C4.1,2026-08-23 06:24,2026-08-23 06:53,59,1.0,22,20,17,21,21,
C,C1.6,2026-08-23 10:01,2026-08-23 10:08,37,1.0,0,0,,0,0,
C,C1.7,2026-08-23 13:11,2026-08-23 13:15,34,1.0,1,0,0,10,10,
C,C1.0,2026-08-23 13:34,2026-08-23 13:42,26,1.0,26,26,26,25,25,
C,C1.4,2026-08-23 16:16,2026-08-23 16:28,42,1.0,39,5,,5,5,
C,C2.7,2026-08-23 19:28,2026-08-23 19:35,37,1.0,3,3,0,0,0,
C,C3.5,2026-08-23 21:47,2026-08-23 22:03,46,1.0,9,8,6,7,7,
C,C4.9,2026-08-25 03:35,2026-08-25 03:47,42,1.0,5,6,12,3,3,
C,M1.0,2026-08-25 03:55,2026-08-25 04:02,14,1.0,14,14,14,1,1,
C,C1.6,2026-08-25 05:48,2026-08-25 05:55,37,1.0,0,,,,,
C,M1.8,2026-08-25 06:30,2026-08-25 06:40,40,1.0,4,4,4,3,3,
C,C6.2,2026-08-25 07:22,2026-08-25 07:28,36,1.0,1,1,36,0,0,
C,M6.9,2026-08-25 09:32,2026-08-25 10:02,60,1.0,34,33,37,33,33,
C,C4.7,2026-08-25 12:38,2026-08-25 12:58,50,1.0,11,14,50,12,12,
C,C1.2,2026-08-26 00:27,2026-08-26 00:50,53,1.0,17,,,15,15,
C,M2.2,2026-08-26 06:29,2026-08-26 06:34,35,1.0,2,2,2,0,0,
C,C1.5,2026-08-26 11:40,2026-08-26 11:47,37,1.0,0,0,,0,0,
C,M1.0,2026-08-26 12:06,2026-08-26 12:14,26,1.0,26,26,2,26,26,
C,C1.3,2026-08-26 19:05,2026-08-26 19:12,37,1.0,2,2,,0,0,
C,C3.4,2026-08-26 21:29,2026-08-26 21:40,41,1.0,2,2,0,1,1,
C,C5.2,2026-08-27 01:32,2026-08-27 01:41,39,1.0,3,3,3,2,2,
C,C1.3,2026-08-27 03:41,2026-08-27 03:50,39,1.0,1,1,,34,34,
C,C1.2,2026-08-27 05:48,2026-08-27 05:53,35,1.0,23,0,,22,,
C,C1.0,2026-08-27 06:31,2026-08-27 06:40,39,1.0,2,1,,0,0,
C,C1.2,2026-08-27 07:03,2026-08-27 07:07,26,1.0,26,26,,26,26,
C,C1.1,2026-08-28 04:12,2026-08-28 04:22,40,1.0,1,2,,25,2,
C,C1.1,2026-08-29 12:01,2026-08-29 12:11,40,1.0,3,1,,2,2,
C,C1.0,2026-08-29 13:15,2026-08-29 13:25,40,1.0,1,1,,3,3,
C,C3.0,2026-08-30 01:10,2026-08-30 01:20,40,1.0,2,2,1,0,0,
C,C2.1,2026-08-30 16:42,2026-08-30 16:56,44,1.0,5,4,2,27,5,
C,C1.0,2026-08-31 03:31,2026-08-31 03:33,32,1.0,15,,,16,16,
C,C1.4,2026-08-31 13:57,2026-08-31 14:14,47,1.0,13,11,4,38,11,
C,C1.4,2026-08-31 14:17,2026-08-31 14:25,10,1.0,10,,10,10,10,
C,C1.6,2026-08-31 14:29,2026-08-31 14:41,15,1.0,15,,,,,
C,C2.6,2026-08-31 15:09,2026-08-31 15:16,34,1.0,34,2,2,1,1,
C,C5.7,2026-09-01 21:03,2026-09-01 21:10,37,1.0,1,1,1,37,,
C,C1.1,2026-09-01 22:40,2026-09-01 22:46,36,1.0,2,1,,1,1,
C,C1.9,2026-09-01 23:17,2026-09-01 23:38,51,1.0,51,3,2,51,51,
C,C1.2,2026-09-02 13:09,2026-09-02 13:21,42,1.0,4,3,,14,,
C,C1.3,2026-09-02 15:32,2026-09-02 15:47,45,1.0,8,7,,6,6,
C,C1.5,2026-09-02 16:18,2026-09-02 16:30,42,1.0,42,3,0,3,3,
C,M3.0,2026-09-02 18:57,2026-09-02 19:20,53,1.0,14,14,13,14,14,
C,C2.2,2026-09-03 09:35,2026-09-03 09:42,37,1.0,2,1,0,1,1,
C,C1.1,2026-09-03 11:40,2026-09-03 11:47,37,1.0,28,0,,,,
C,C4.2,2026-09-03 11:52,2026-09-03 11:59,11,1.0,11,11,1,10,10,
C,C6.9,2026-09-03 14:36,2026-09-03 14:46,40,1.0,2,2,1,0,0,
C,C7.7,2026-09-03 16:14,2026-09-03 16:30,46,1.0,10,11,10,8,8,
C,C3.0,2026-09-03 18:22,2026-09-03 18:29,37,1.0,0,0,37,,,
C,C3.7,2026-09-03 19:55,2026-09-03 20:03,38,1.0,2,2,34,,,
C,C1.3,2026-09-04 06:08,2026-09-04 06:15,37,1.0,,,,1,1,
C,M1.2,2026-09-04 07:45,2026-09-04 07:53,38,1.0,3,2,2,,,
C,C7.1,2026-09-04 11:11,2026-09-04 11:19,38,1.0,4,3,2,1,1,
C,C2.1,2026-09-04 12:58,2026-09-04 13:05,37,0.91,0,0,0,,,
C,C1.3,2026-09-04 15:13,2026-09-04 15:27,44,1.0,5,,,7,7,
C,C6.7,2026-09-04 19:02,2026-09-04 19:30,58,1.0,23,23,21,22,22,
C,C1.2,2026-09-04 21:02,2026-09-04 21:21,49,1.0,7,,,10,10,
C,C6.4,2026-09-05 10:24,2026-09-05 10:45,51,1.0,14,13,7,18,13,
C,C1.5,2026-09-05 11:56,2026-09-05 12:02,36,1.0,2,2,,1,1,
C,M1.0,2026-09-05 15:04,2026-09-05 15:18,44,1.0,6,5,4,5,5,
C,C8.5,2026-09-05 17:31,2026-09-05 17:46,45,1.0,6,7,6,5,5,
C,C5.0,2026-09-06 10:30,2026-09-06 10:42,42,1.0,4,4,3,1,1,
C,C1.1,2026-09-06 13:15,2026-09-06 13:34,49,1.0,9,,,10,,
C,C1.0,2026-09-07 19:29,2026-09-07 19:35,36,1.0,0,0,,,,
C,C2.2,2026-09-08 12:19,2026-09-08 12:24,35,1.0,2,2,1,1,1,
C,C2.8,2026-09-08 17:35,2026-09-08 17:43,38,1.0,2,2,1,0,0,
C,C1.2,2026-09-08 20:33,2026-09-08 20:43,40,1.0,4,3,,35,2,
C,C1.2,2026-09-08 21:39,2026-09-08 21:49,40,1.0,,,,0,0,
C,C2.7,2026-09-08 22:17,2026-09-08 22:24,34,1.0,2,3,1,34,34,
C,C3.5,2026-09-08 23:22,2026-09-08 23:39,47,1.0,9,9,5,9,9,
C,C1.5,2026-09-09 05:53,2026-09-09 06:07,44,1.0,6,7,,7,,
C,C3.2,2026-09-09 10:23,2026-09-09 10:32,39,1.0,2,3,2,2,2,
C,C1.4,2026-09-10 00:25,2026-09-10 00:51,56,1.0,19,17,,22,17,
C,C1.6,2026-09-10 16:52,2026-09-10 17:12,50,1.0,9,,,12,,
C,C5.8,2026-09-12 17:09,2026-09-12 17:20,41,1.0,1,2,2,0,0,
M,M3.9,2026-03-26 06:11,2026-03-26 06:23,42,0.0,5,6,5,,,2026-03-26 06:18
M,X1.4,2026-03-30 02:47,2026-03-30 03:19,62,0.0,22,21,21,,,2026-03-30 02:58
M,M3.5,2026-04-02 17:24,2026-04-02 18:15,81,0.0,8,7,8,,,2026-04-02 18:07
M,M1.3,2026-04-03 07:45,2026-04-03 07:56,41,0.0,0,0,0,,,2026-04-03 07:56
M,M1.3,2026-04-03 12:46,2026-04-03 12:50,34,0.0,0,0,0,,,2026-04-03 12:49
M,M7.5,2026-04-04 01:07,2026-04-04 01:17,40,0.0,3,4,3,,,2026-04-04 01:13
M,M1.7,2026-04-04 07:38,2026-04-04 07:58,50,0.0,7,5,6,,,2026-04-04 07:53
M,M1.2,2026-04-04 11:57,2026-04-04 12:11,44,0.0,5,6,4,,,2026-04-04 12:07
M,M1.0,2026-04-04 22:54,2026-04-04 23:04,40,0.0,1,3,1,,,2026-04-04 23:03
M,X2.5,2026-04-24 08:01,2026-04-24 08:13,42,0.0,3,3,3,,,2026-04-24 08:09
M,M1.9,2026-04-24 08:57,2026-04-24 09:07,40,0.0,40,1,40,,,2026-04-24 09:04
M,M1.7,2026-04-24 12:34,2026-04-24 13:01,57,0.0,9,,9,,,2026-04-24 12:52
M,M6.4,2026-04-24 17:54,2026-04-24 18:15,51,0.0,12,11,11,,,2026-04-24 18:03
M,M1.3,2026-04-25 07:56,2026-04-25 07:59,33,0.0,,0,0,,,2026-04-25 07:59
M,M1.1,2026-04-25 14:22,2026-04-25 14:30,38,0.0,,,,,,2026-04-25 14:30
M,M1.3,2026-04-26 00:08,2026-04-26 00:23,45,0.0,3,4,2,,,2026-04-26 00:21
M,M1.4,2026-04-26 13:54,2026-04-26 14:03,39,0.0,2,3,1,,,2026-04-26 14:02
M,M1.7,2026-04-26 19:18,2026-04-26 19:24,36,0.0,13,,3,,,2026-04-26 19:21
M,M2.2,2026-04-26 19:54,2026-04-26 20:04,39,0.0,39,1,39,,,2026-04-26 20:01
M,M6.0,2026-04-26 22:51,2026-04-26 22:57,36,0.0,0,1,1,,,2026-04-26 22:55
M,M1.0,2026-04-27 06:39,2026-04-27 06:45,36,0.0,,1,0,,,2026-04-27 06:45
M,M1.0,2026-04-28 12:17,2026-04-28 12:23,36,0.0,36,36,36,,,2026-04-28 12:22
M,M1.5,2026-04-28 13:49,2026-04-28 13:53,34,0.0,,0,0,,,2026-04-28 13:53
M,M1.1,2026-04-28 14:03,2026-04-28 14:07,13,0.0,13,13,13,,,2026-04-28 14:07
M,M1.8,2026-05-04 01:13,2026-05-04 01:33,50,0.0,2,2,2,,,2026-05-04 01:31
M,M2.6,2026-05-07 14:20,2026-05-07 15:14,84,0.0,37,,35,,,2026-05-07 14:41
M,M5.7,2026-05-10 13:19,2026-05-10 13:39,50,0.0,9,9,8,,,2026-05-10 13:31
M,M1.8,2026-05-16 15:50,2026-05-16 16:12,52,0.0,6,6,5,,,2026-05-16 16:07
M,M1.3,2026-05-16 16:22,2026-05-16 16:29,16,0.0,16,,16,,,2026-05-16 16:22
M,M1.9,2026-05-16 17:39,2026-05-16 17:42,33,0.0,0,0,0,,,2026-05-16 17:41
M,M1.4,2026-05-17 03:29,2026-05-17 03:39,40,0.0,2,3,2,,,2026-05-17 03:37
M,M1.1,2026-05-29 06:40,2026-05-29 07:04,54,0.0,17,,9,,,2026-05-29 06:57
M,M1.2,2026-06-02 04:42,2026-06-02 04:45,33,0.0,,0,,,,2026-06-02 04:45
M,M1.2,2026-06-02 09:51,2026-06-02 10:05,44,0.0,3,4,3,,,2026-06-02 10:02
M,M3.3,2026-06-02 16:31,2026-06-02 16:50,49,0.0,6,7,6,,,2026-06-02 16:44
M,M9.3,2026-06-03 01:22,2026-06-03 01:36,44,0.0,8,8,7,,,2026-06-03 01:28
M,M7.7,2026-06-03 06:49,2026-06-03 07:00,41,0.0,2,2,2,,,2026-06-03 06:57
M,X1.0,2026-06-03 11:19,2026-06-03 11:28,39,0.0,5,5,5,,,2026-06-03 11:22
M,M1.8,2026-06-06 13:40,2026-06-06 14:01,51,0.0,10,45,43,,,2026-06-06 13:49
M,M1.3,2026-06-20 01:26,2026-06-20 01:51,55,0.0,8,7,6,,,2026-06-20 01:46
M,M1.0,2026-06-20 14:50,2026-06-20 15:00,40,0.0,,1,0,,,2026-06-20 15:00
M,M2.6,2026-06-21 02:25,2026-06-21 02:46,51,0.0,5,7,5,,,2026-06-21 02:40
M,M6.8,2026-06-21 19:17,2026-06-21 19:29,42,0.0,2,3,3,,,2026-06-21 19:26
M,M1.4,2026-06-29 21:13,2026-06-29 21:40,57,1.0,8,,6,,,2026-06-29 21:34
M,M1.3,2026-06-30 00:39,2026-06-30 01:16,67,1.0,15,,13,,,2026-06-30 01:09
M,M5.8,2026-06-30 12:37,2026-06-30 12:57,50,0.91,13,12,13,,,2026-06-30 12:44
M,X1.1,2026-06-30 20:34,2026-06-30 20:50,46,1.0,7,7,7,,,2026-06-30 20:42
M,M1.1,2026-07-01 06:19,2026-07-01 06:27,38,1.0,1,1,1,,,2026-07-01 06:26
M,M1.0,2026-07-01 06:37,2026-07-01 06:43,15,1.0,2,15,15,,,2026-07-01 06:42
M,M1.5,2026-07-01 07:28,2026-07-01 07:35,37,1.0,0,0,0,,,2026-07-01 07:34
M,M2.5,2026-07-01 08:07,2026-07-01 08:17,40,1.0,0,40,40,,,2026-07-01 08:16
M,M1.3,2026-07-01 10:04,2026-07-01 10:08,34,1.0,0,0,0,,,2026-07-01 10:07
M,M1.1,2026-07-01 14:22,2026-07-01 14:31,39,1.0,4,,1,,,2026-07-01 14:30
M,M2.6,2026-07-01 14:39,2026-07-01 14:54,22,1.0,22,7,22,,,2026-07-01 14:44
M,M3.5,2026-07-01 18:44,2026-07-01 19:43,89,1.0,30,,29,,,2026-07-01 19:14
M,M1.8,2026-07-01 20:15,2026-07-01 20:22,37,1.0,37,,37,,,2026-07-01 20:17
M,M8.5,2026-07-01 22:57,2026-07-01 23:09,42,1.0,4,3,3,,,2026-07-01 23:05
M,M1.1,2026-07-01 23:49,2026-07-02 00:02,43,1.0,5,,3,,,2026-07-01 23:59
M,M4.2,2026-07-02 01:37,2026-07-02 01:56,49,1.0,10,8,9,,,2026-07-02 01:46
M,M2.8,2026-07-02 10:21,2026-07-02 10:26,35,1.0,33,,31,,,2026-07-02 10:25
M,M1.2,2026-07-02 23:03,2026-07-02 23:12,39,1.0,0,,0,,,2026-07-02 23:12
M,M1.4,2026-07-03 13:03,2026-07-03 13:13,40,0.91,3,,0,,,2026-07-03 13:12
M,M6.7,2026-07-03 17:49,2026-07-03 18:11,52,1.0,12,8,11,,,2026-07-03 18:00
M,M6.3,2026-07-03 18:57,2026-07-03 18:59,32,1.0,32,0,32,,,2026-07-03 18:57
M,M1.5,2026-07-03 19:59,2026-07-03 20:08,39,0.99,39,,39,,,2026-07-03 20:04
M,M2.0,2026-07-03 23:50,2026-07-04 00:00,40,1.0,1,1,2,,,2026-07-03 23:58
M,M2.3,2026-07-04 00:13,2026-07-04 00:23,22,1.0,22,22,22,,,2026-07-04 00:18
M,M2.1,2026-07-04 00:59,2026-07-04 01:13,44,1.0,44,2,44,,,2026-07-04 01:06
M,M1.2,2026-07-04 01:52,2026-07-04 02:01,39,1.0,39,,39,,,2026-07-04 01:57
M,M3.7,2026-07-04 03:21,2026-07-04 03:32,41,1.0,4,3,4,,,2026-07-04 03:28
M,M1.3,2026-07-04 05:04,2026-07-04 05:15,41,1.0,3,1,3,,,2026-07-04 05:12
M,M1.8,2026-07-04 07:48,2026-07-04 08:07,49,1.0,7,,6,,,2026-07-04 08:02
M,M1.0,2026-07-04 08:41,2026-07-04 08:52,41,1.0,41,,41,,,2026-07-04 08:52
M,M3.2,2026-07-04 11:04,2026-07-04 11:12,38,1.0,4,4,4,,,2026-07-04 11:07
M,M3.2,2026-07-04 13:41,2026-07-04 13:51,40,0.99,6,2,3,,,2026-07-04 13:47
M,M1.1,2026-07-04 16:02,2026-07-04 16:06,34,1.0,33,,0,,,2026-07-04 16:06
M,M1.9,2026-07-04 18:37,2026-07-04 18:48,41,0.99,5,4,5,,,2026-07-04 18:44
M,M1.5,2026-07-04 19:23,2026-07-04 19:36,43,0.99,43,,43,,,2026-07-04 19:31
M,X1.2,2026-07-04 20:29,2026-07-04 20:41,42,0.99,5,3,5,,,2026-07-04 20:36
M,M1.1,2026-07-04 22:16,2026-07-04 22:24,38,0.96,38,,38,,,2026-07-04 22:22
M,M1.3,2026-07-05 00:24,2026-07-05 00:31,37,0.98,1,0,0,,,2026-07-05 00:30
M,M1.3,2026-07-05 04:19,2026-07-05 04:32,43,0.44,3,2,2,,,2026-07-05 04:30
M,M1.0,2026-07-05 04:41,2026-07-05 04:47,14,0.46,14,,14,,,2026-07-05 04:46
M,M2.7,2026-07-05 05:21,2026-07-05 05:39,48,0.47,9,9,48,,,2026-07-05 05:29
M,M1.4,2026-07-05 10:56,2026-07-05 11:00,34,0.81,0,0,1,,,2026-07-05 10:59
M,M1.4,2026-07-05 16:21,2026-07-05 16:32,41,1.0,7,,7,,,2026-07-05 16:25
M,M1.4,2026-07-05 16:41,2026-07-05 16:45,12,1.0,12,,12,,,2026-07-05 16:41
M,M5.3,2026-07-05 17:51,2026-07-05 17:57,36,1.0,1,1,1,,,2026-07-05 17:55
M,M1.4,2026-07-05 18:56,2026-07-05 19:07,41,1.0,4,0,2,,,2026-07-05 19:05
M,M1.0,2026-07-05 21:14,2026-07-05 21:22,38,1.0,2,1,1,,,2026-07-05 21:22
M,M4.0,2026-07-07 14:09,2026-07-07 14:19,40,1.0,1,1,1,,,2026-07-07 14:18
M,M1.5,2026-07-08 17:49,2026-07-08 17:56,37,1.0,1,2,1,,,2026-07-08 17:54
M,M1.1,2026-07-09 02:17,2026-07-09 02:27,40,1.0,,1,0,,,2026-07-09 02:27
M,M1.1,2026-07-12 07:17,2026-07-12 08:11,84,1.0,15,,13,,,2026-07-12 08:04
M,M2.5,2026-07-20 14:29,2026-07-20 14:36,37,1.0,0,0,0,,,2026-07-20 14:35
M,M1.1,2026-07-20 19:08,2026-07-20 19:20,42,1.0,,1,0,,,2026-07-20 19:20
M,M3.4,2026-07-20 22:15,2026-07-20 22:25,40,1.0,2,2,2,,,2026-07-20 22:22
M,M1.8,2026-07-21 17:16,2026-07-21 17:27,41,1.0,2,2,3,,,2026-07-21 17:24
M,M3.5,2026-07-22 06:27,2026-07-22 06:35,38,1.0,1,1,1,,,2026-07-22 06:33
M,M3.2,2026-07-26 15:17,2026-07-26 15:28,41,1.0,1,2,1,,,2026-07-26 15:26
M,M1.0,2026-07-27 02:32,2026-07-27 02:43,41,1.0,,2,1,,,2026-07-27 02:42
M,M1.9,2026-07-30 15:53,2026-07-30 17:00,97,0.98,44,,39,,,2026-07-30 16:27
M,M1.0,2026-08-19 18:24,2026-08-19 18:51,57,1.0,11,,9,,,2026-08-19 18:50
M,M1.8,2026-08-20 07:30,2026-08-20 08:05,65,1.0,15,,14,,,2026-08-20 07:54
M,M8.1,2026-08-20 11:32,2026-08-20 11:42,40,1.0,14,15,13,,,2026-08-20 11:34
M,M2.9,2026-08-20 15:51,2026-08-20 16:11,50,1.0,9,9,9,,,2026-08-20 16:02
M,M1.6,2026-08-21 09:09,2026-08-21 09:57,78,1.0,29,,26,,,2026-08-21 09:35
M,M1.6,2026-08-21 10:09,2026-08-21 10:18,20,1.0,20,,20,,,2026-08-21 10:09
M,M1.0,2026-08-25 03:55,2026-08-25 04:02,37,1.0,1,,0,,,2026-08-25 04:02
M,M1.8,2026-08-25 06:30,2026-08-25 06:40,40,1.0,2,2,2,,,2026-08-25 06:38
M,M6.9,2026-08-25 09:32,2026-08-25 10:02,60,1.0,11,6,10,,,2026-08-25 09:53
M,M2.2,2026-08-26 06:29,2026-08-26 06:34,35,1.0,1,2,1,,,2026-08-26 06:32
M,M1.0,2026-08-26 12:06,2026-08-26 12:14,38,1.0,0,1,0,,,2026-08-26 12:14
M,M3.0,2026-09-02 18:57,2026-09-02 19:20,53,1.0,10,13,10,,,2026-09-02 19:10
M,M1.2,2026-09-04 07:45,2026-09-04 07:53,38,1.0,1,2,0,,,2026-09-04 07:52
M,M1.0,2026-09-05 15:04,2026-09-05 15:18,44,1.0,,4,1,,,2026-09-05 15:18
